split,site_id,patch_id,sample_id,patch_key,sample_key,spatial_group_id,patch_row_start,patch_col_start,year,month,n_valid_points,rh95_median,rh95_max,s2_valid_aoi_fraction,source_split,source_index,patch_height_p90,patch_height_bin,patch_height_bin_label,n_gedi_occurrences,n_unique_gedi
test,Maamoura,MAAMOURA_r001024_c001536,MAAMOURA_r001024_c001536_Y2019_M05_N00000,maamoura|MAAMOURA_r001024_c001536,maamoura|MAAMOURA_r001024_c001536_Y2019_M05_N00000,SG_0010,1024,1536,2019,5,507,2.5,17.83,0.9999029828367818,test,0,6.854000000000004,2,"[5,8)",507,507
test,Maamoura,MAAMOURA_r001024_c001536,MAAMOURA_r001024_c001536_Y2019_M06_N00001,maamoura|MAAMOURA_r001024_c001536,maamoura|MAAMOURA_r001024_c001536_Y2019_M06_N00001,SG_0010,1024,1536,2019,6,507,2.5,17.83,0.9999029828367818,test,1,6.854000000000004,2,"[5,8)",507,507
test,Maamoura,MAAMOURA_r001024_c001536,MAAMOURA_r001024_c001536_Y2019_M07_N00002,maamoura|MAAMOURA_r001024_c001536,maamoura|MAAMOURA_r001024_c001536_Y2019_M07_N00002,SG_0010,1024,1536,2019,7,507,2.5,17.83,0.9999029828367818,test,2,6.854000000000004,2,"[5,8)",507,507
test,Maamoura,MAAMOURA_r001024_c001536,MAAMOURA_r001024_c001536_Y2019_M08_N00003,maamoura|MAAMOURA_r001024_c001536,maamoura|MAAMOURA_r001024_c001536_Y2019_M08_N00003,SG_0010,1024,1536,2019,8,507,2.5,17.83,0.9999029828367818,test,3,6.854000000000004,2,"[5,8)",507,507
test,Maamoura,MAAMOURA_r001024_c001536,MAAMOURA_r001024_c001536_Y2019_M09_N00004,maamoura|MAAMOURA_r001024_c001536,maamoura|MAAMOURA_r001024_c001536_Y2019_M09_N00004,SG_0010,1024,1536,2019,9,507,2.5,17.83,0.9999029828367818,test,4,6.854000000000004,2,"[5,8)",507,507
test,Maamoura,MAAMOURA_r001024_c001536,MAAMOURA_r001024_c001536_Y2021_M06_N00005,maamoura|MAAMOURA_r001024_c001536,maamoura|MAAMOURA_r001024_c001536_Y2021_M06_N00005,SG_0010,1024,1536,2021,6,213,2.5,8.94,0.9999029828367818,test,5,5.998000000000001,2,"[5,8)",213,213
test,Maamoura,MAAMOURA_r001024_c001536,MAAMOURA_r001024_c001536_Y2021_M07_N00006,maamoura|MAAMOURA_r001024_c001536,maamoura|MAAMOURA_r001024_c001536_Y2021_M07_N00006,SG_0010,1024,1536,2021,7,213,2.5,8.94,0.9999029828367818,test,6,5.998000000000001,2,"[5,8)",213,213
test,Maamoura,MAAMOURA_r001024_c001536,MAAMOURA_r001024_c001536_Y2021_M08_N00007,maamoura|MAAMOURA_r001024_c001536,maamoura|MAAMOURA_r001024_c001536_Y2021_M08_N00007,SG_0010,1024,1536,2021,8,213,2.5,8.94,0.9999029828367818,test,7,5.998000000000001,2,"[5,8)",213,213
test,Maamoura,MAAMOURA_r001024_c001536,MAAMOURA_r001024_c001536_Y2021_M09_N00008,maamoura|MAAMOURA_r001024_c001536,maamoura|MAAMOURA_r001024_c001536_Y2021_M09_N00008,SG_0010,1024,1536,2021,9,213,2.5,8.94,0.9999029828367818,test,8,5.998000000000001,2,"[5,8)",213,213
test,Maamoura,MAAMOURA_r001024_c000512,MAAMOURA_r001024_c000512_Y2021_M05_N00009,maamoura|MAAMOURA_r001024_c000512,maamoura|MAAMOURA_r001024_c000512_Y2021_M05_N00009,SG_0008,1024,512,2021,5,81,10.3,13.89,1.0,test,9,12.58,4,"[10,15)",81,81
test,Maamoura,MAAMOURA_r001024_c000512,MAAMOURA_r001024_c000512_Y2021_M06_N00010,maamoura|MAAMOURA_r001024_c000512,maamoura|MAAMOURA_r001024_c000512_Y2021_M06_N00010,SG_0008,1024,512,2021,6,81,10.3,13.89,1.0,test,10,12.58,4,"[10,15)",81,81
test,Maamoura,MAAMOURA_r001024_c000512,MAAMOURA_r001024_c000512_Y2021_M07_N00011,maamoura|MAAMOURA_r001024_c000512,maamoura|MAAMOURA_r001024_c000512_Y2021_M07_N00011,SG_0008,1024,512,2021,7,81,10.3,13.89,1.0,test,11,12.58,4,"[10,15)",81,81
test,Maamoura,MAAMOURA_r001024_c000512,MAAMOURA_r001024_c000512_Y2021_M08_N00012,maamoura|MAAMOURA_r001024_c000512,maamoura|MAAMOURA_r001024_c000512_Y2021_M08_N00012,SG_0008,1024,512,2021,8,110,10.35,13.96,1.0,test,12,12.602000000000002,4,"[10,15)",110,110
test,Maamoura,MAAMOURA_r001024_c000512,MAAMOURA_r001024_c000512_Y2021_M09_N00013,maamoura|MAAMOURA_r001024_c000512,maamoura|MAAMOURA_r001024_c000512_Y2021_M09_N00013,SG_0008,1024,512,2021,9,110,10.35,13.96,1.0,test,13,12.602000000000002,4,"[10,15)",110,110
test,Maamoura,MAAMOURA_r001024_c000512,MAAMOURA_r001024_c000512_Y2022_M05_N00014,maamoura|MAAMOURA_r001024_c000512,maamoura|MAAMOURA_r001024_c000512_Y2022_M05_N00014,SG_0008,1024,512,2022,5,29,10.52,13.96,1.0,test,14,12.352,4,"[10,15)",29,29
test,Maamoura,MAAMOURA_r001024_c000512,MAAMOURA_r001024_c000512_Y2022_M06_N00015,maamoura|MAAMOURA_r001024_c000512,maamoura|MAAMOURA_r001024_c000512_Y2022_M06_N00015,SG_0008,1024,512,2022,6,106,9.379999,13.96,1.0,test,15,12.225,4,"[10,15)",106,106
test,Maamoura,MAAMOURA_r001024_c000512,MAAMOURA_r001024_c000512_Y2022_M07_N00016,maamoura|MAAMOURA_r001024_c000512,maamoura|MAAMOURA_r001024_c000512_Y2022_M07_N00016,SG_0008,1024,512,2022,7,77,8.87,13.22,1.0,test,16,12.096000000000002,4,"[10,15)",77,77
test,Maamoura,MAAMOURA_r001024_c000512,MAAMOURA_r001024_c000512_Y2022_M08_N00017,maamoura|MAAMOURA_r001024_c000512,maamoura|MAAMOURA_r001024_c000512_Y2022_M08_N00017,SG_0008,1024,512,2022,8,77,8.87,13.22,1.0,test,17,12.096000000000002,4,"[10,15)",77,77
test,Maamoura,MAAMOURA_r001024_c000512,MAAMOURA_r001024_c000512_Y2022_M09_N00018,maamoura|MAAMOURA_r001024_c000512,maamoura|MAAMOURA_r001024_c000512_Y2022_M09_N00018,SG_0008,1024,512,2022,9,77,8.87,13.22,1.0,test,18,12.096000000000002,4,"[10,15)",77,77
test,Maamoura,MAAMOURA_r001024_c000512,MAAMOURA_r001024_c000512_Y2024_M08_N00019,maamoura|MAAMOURA_r001024_c000512,maamoura|MAAMOURA_r001024_c000512_Y2024_M08_N00019,SG_0008,1024,512,2024,8,451,9.9,15.91,1.0,test,19,12.41,4,"[10,15)",451,451
test,Maamoura,MAAMOURA_r001024_c000512,MAAMOURA_r001024_c000512_Y2024_M09_N00020,maamoura|MAAMOURA_r001024_c000512,maamoura|MAAMOURA_r001024_c000512_Y2024_M09_N00020,SG_0008,1024,512,2024,9,512,9.9,15.91,1.0,test,20,12.508,4,"[10,15)",512,512
test,Maamoura,MAAMOURA_r001024_c000512,MAAMOURA_r001024_c000512_Y2025_M05_N00021,maamoura|MAAMOURA_r001024_c000512,maamoura|MAAMOURA_r001024_c000512_Y2025_M05_N00021,SG_0008,1024,512,2025,5,512,9.795,14.95,1.0,test,21,12.67,4,"[10,15)",512,512
test,Maamoura,MAAMOURA_r001024_c000512,MAAMOURA_r001024_c000512_Y2025_M06_N00022,maamoura|MAAMOURA_r001024_c000512,maamoura|MAAMOURA_r001024_c000512_Y2025_M06_N00022,SG_0008,1024,512,2025,6,512,9.795,14.95,1.0,test,22,12.67,4,"[10,15)",512,512
test,Maamoura,MAAMOURA_r001024_c000512,MAAMOURA_r001024_c000512_Y2025_M07_N00023,maamoura|MAAMOURA_r001024_c000512,maamoura|MAAMOURA_r001024_c000512_Y2025_M07_N00023,SG_0008,1024,512,2025,7,512,9.795,14.95,1.0,test,23,12.67,4,"[10,15)",512,512
train,Maamoura,MAAMOURA_r000000_c000512,MAAMOURA_r000000_c000512_Y2019_M05_N00024,maamoura|MAAMOURA_r000000_c000512,maamoura|MAAMOURA_r000000_c000512_Y2019_M05_N00024,SG_0000,0,512,2019,5,7,12.62,13.14,0.9976798143851509,train,0,13.05,4,"[10,15)",7,7
train,Maamoura,MAAMOURA_r000000_c000512,MAAMOURA_r000000_c000512_Y2019_M06_N00025,maamoura|MAAMOURA_r000000_c000512,maamoura|MAAMOURA_r000000_c000512_Y2019_M06_N00025,SG_0000,0,512,2019,6,7,12.62,13.14,0.9976798143851509,train,1,13.05,4,"[10,15)",7,7
train,Maamoura,MAAMOURA_r000000_c000512,MAAMOURA_r000000_c000512_Y2019_M07_N00026,maamoura|MAAMOURA_r000000_c000512,maamoura|MAAMOURA_r000000_c000512_Y2019_M07_N00026,SG_0000,0,512,2019,7,7,12.62,13.14,0.9976798143851509,train,2,13.05,4,"[10,15)",7,7
train,Maamoura,MAAMOURA_r000000_c000512,MAAMOURA_r000000_c000512_Y2019_M08_N00027,maamoura|MAAMOURA_r000000_c000512,maamoura|MAAMOURA_r000000_c000512_Y2019_M08_N00027,SG_0000,0,512,2019,8,7,12.62,13.14,0.9976798143851509,train,3,13.05,4,"[10,15)",7,7
train,Maamoura,MAAMOURA_r000000_c000512,MAAMOURA_r000000_c000512_Y2019_M09_N00028,maamoura|MAAMOURA_r000000_c000512,maamoura|MAAMOURA_r000000_c000512_Y2019_M09_N00028,SG_0000,0,512,2019,9,7,12.62,13.14,0.9976798143851509,train,4,13.05,4,"[10,15)",7,7
train,Maamoura,MAAMOURA_r000000_c000512,MAAMOURA_r000000_c000512_Y2022_M06_N00029,maamoura|MAAMOURA_r000000_c000512,maamoura|MAAMOURA_r000000_c000512_Y2022_M06_N00029,SG_0000,0,512,2022,6,8,12.934999,15.5,0.9976798143851509,train,5,14.646,4,"[10,15)",8,8
train,Maamoura,MAAMOURA_r000000_c000512,MAAMOURA_r000000_c000512_Y2022_M07_N00030,maamoura|MAAMOURA_r000000_c000512,maamoura|MAAMOURA_r000000_c000512_Y2022_M07_N00030,SG_0000,0,512,2022,7,8,12.934999,15.5,0.9976798143851509,train,6,14.646,4,"[10,15)",8,8
train,Maamoura,MAAMOURA_r000000_c000512,MAAMOURA_r000000_c000512_Y2022_M08_N00031,maamoura|MAAMOURA_r000000_c000512,maamoura|MAAMOURA_r000000_c000512_Y2022_M08_N00031,SG_0000,0,512,2022,8,8,12.934999,15.5,0.9976798143851509,train,7,14.646,4,"[10,15)",8,8
train,Maamoura,MAAMOURA_r000000_c000512,MAAMOURA_r000000_c000512_Y2022_M09_N00032,maamoura|MAAMOURA_r000000_c000512,maamoura|MAAMOURA_r000000_c000512_Y2022_M09_N00032,SG_0000,0,512,2022,9,8,12.934999,15.5,0.9976798143851509,train,8,14.646,4,"[10,15)",8,8
train,Maamoura,MAAMOURA_r000000_c001536,MAAMOURA_r000000_c001536_Y2020_M05_N00033,maamoura|MAAMOURA_r000000_c001536,maamoura|MAAMOURA_r000000_c001536_Y2020_M05_N00033,SG_0002,0,1536,2020,5,39,2.77,12.02,0.999612867545396,train,9,9.250000000000004,3,"[8,10)",39,39
train,Maamoura,MAAMOURA_r000000_c001536,MAAMOURA_r000000_c001536_Y2020_M06_N00034,maamoura|MAAMOURA_r000000_c001536,maamoura|MAAMOURA_r000000_c001536_Y2020_M06_N00034,SG_0002,0,1536,2020,6,39,2.77,12.02,0.999612867545396,train,10,9.250000000000004,3,"[8,10)",39,39
train,Maamoura,MAAMOURA_r000000_c001536,MAAMOURA_r000000_c001536_Y2020_M07_N00035,maamoura|MAAMOURA_r000000_c001536,maamoura|MAAMOURA_r000000_c001536_Y2020_M07_N00035,SG_0002,0,1536,2020,7,39,2.77,12.02,0.999612867545396,train,11,9.250000000000004,3,"[8,10)",39,39
train,Maamoura,MAAMOURA_r000000_c001536,MAAMOURA_r000000_c001536_Y2020_M08_N00036,maamoura|MAAMOURA_r000000_c001536,maamoura|MAAMOURA_r000000_c001536_Y2020_M08_N00036,SG_0002,0,1536,2020,8,39,2.77,12.02,0.999612867545396,train,12,9.250000000000004,3,"[8,10)",39,39
train,Maamoura,MAAMOURA_r000000_c001536,MAAMOURA_r000000_c001536_Y2020_M09_N00037,maamoura|MAAMOURA_r000000_c001536,maamoura|MAAMOURA_r000000_c001536_Y2020_M09_N00037,SG_0002,0,1536,2020,9,39,2.77,12.02,0.999612867545396,train,13,9.250000000000004,3,"[8,10)",39,39
train,Maamoura,MAAMOURA_r000000_c001536,MAAMOURA_r000000_c001536_Y2021_M05_N00038,maamoura|MAAMOURA_r000000_c001536,maamoura|MAAMOURA_r000000_c001536_Y2021_M05_N00038,SG_0002,0,1536,2021,5,36,2.28,13.52,0.999612867545396,train,14,8.05,3,"[8,10)",36,36
train,Maamoura,MAAMOURA_r000000_c001536,MAAMOURA_r000000_c001536_Y2021_M06_N00039,maamoura|MAAMOURA_r000000_c001536,maamoura|MAAMOURA_r000000_c001536_Y2021_M06_N00039,SG_0002,0,1536,2021,6,36,2.28,13.52,0.999612867545396,train,15,8.05,3,"[8,10)",36,36
train,Maamoura,MAAMOURA_r000000_c001536,MAAMOURA_r000000_c001536_Y2021_M07_N00040,maamoura|MAAMOURA_r000000_c001536,maamoura|MAAMOURA_r000000_c001536_Y2021_M07_N00040,SG_0002,0,1536,2021,7,36,2.28,13.52,0.999612867545396,train,16,8.05,3,"[8,10)",36,36
train,Maamoura,MAAMOURA_r000000_c001536,MAAMOURA_r000000_c001536_Y2021_M08_N00041,maamoura|MAAMOURA_r000000_c001536,maamoura|MAAMOURA_r000000_c001536_Y2021_M08_N00041,SG_0002,0,1536,2021,8,36,2.28,13.52,0.999612867545396,train,17,8.05,3,"[8,10)",36,36
train,Maamoura,MAAMOURA_r000000_c001536,MAAMOURA_r000000_c001536_Y2021_M09_N00042,maamoura|MAAMOURA_r000000_c001536,maamoura|MAAMOURA_r000000_c001536_Y2021_M09_N00042,SG_0002,0,1536,2021,9,36,2.28,13.52,0.999612867545396,train,18,8.05,3,"[8,10)",36,36
train,Maamoura,MAAMOURA_r000000_c001536,MAAMOURA_r000000_c001536_Y2022_M05_N00043,maamoura|MAAMOURA_r000000_c001536,maamoura|MAAMOURA_r000000_c001536_Y2022_M05_N00043,SG_0002,0,1536,2022,5,41,3.43,16.93,0.999612867545396,train,19,11.37,4,"[10,15)",41,41
train,Maamoura,MAAMOURA_r000000_c001536,MAAMOURA_r000000_c001536_Y2022_M06_N00044,maamoura|MAAMOURA_r000000_c001536,maamoura|MAAMOURA_r000000_c001536_Y2022_M06_N00044,SG_0002,0,1536,2022,6,86,8.09,16.93,0.999612867545396,train,20,11.59,4,"[10,15)",86,86
train,Maamoura,MAAMOURA_r000000_c001536,MAAMOURA_r000000_c001536_Y2022_M07_N00045,maamoura|MAAMOURA_r000000_c001536,maamoura|MAAMOURA_r000000_c001536_Y2022_M07_N00045,SG_0002,0,1536,2022,7,86,8.09,16.93,0.999612867545396,train,21,11.59,4,"[10,15)",86,86
train,Maamoura,MAAMOURA_r000000_c001536,MAAMOURA_r000000_c001536_Y2022_M08_N00046,maamoura|MAAMOURA_r000000_c001536,maamoura|MAAMOURA_r000000_c001536_Y2022_M08_N00046,SG_0002,0,1536,2022,8,86,8.09,16.93,0.999612867545396,train,22,11.59,4,"[10,15)",86,86
train,Maamoura,MAAMOURA_r000000_c001536,MAAMOURA_r000000_c001536_Y2022_M09_N00047,maamoura|MAAMOURA_r000000_c001536,maamoura|MAAMOURA_r000000_c001536_Y2022_M09_N00047,SG_0002,0,1536,2022,9,86,8.09,16.93,0.999612867545396,train,23,11.59,4,"[10,15)",86,86
train,Maamoura,MAAMOURA_r000000_c001536,MAAMOURA_r000000_c001536_Y2024_M09_N00048,maamoura|MAAMOURA_r000000_c001536,maamoura|MAAMOURA_r000000_c001536_Y2024_M09_N00048,SG_0002,0,1536,2024,9,256,8.205,14.62,0.999612867545396,train,24,12.565,4,"[10,15)",256,256
train,Maamoura,MAAMOURA_r000000_c001536,MAAMOURA_r000000_c001536_Y2025_M05_N00049,maamoura|MAAMOURA_r000000_c001536,maamoura|MAAMOURA_r000000_c001536_Y2025_M05_N00049,SG_0002,0,1536,2025,5,256,8.205,14.62,0.999612867545396,train,25,12.565,4,"[10,15)",256,256
train,Maamoura,MAAMOURA_r000000_c001536,MAAMOURA_r000000_c001536_Y2025_M06_N00050,maamoura|MAAMOURA_r000000_c001536,maamoura|MAAMOURA_r000000_c001536_Y2025_M06_N00050,SG_0002,0,1536,2025,6,256,8.205,14.62,0.999612867545396,train,26,12.565,4,"[10,15)",256,256
train,Maamoura,MAAMOURA_r000000_c001536,MAAMOURA_r000000_c001536_Y2025_M07_N00051,maamoura|MAAMOURA_r000000_c001536,maamoura|MAAMOURA_r000000_c001536_Y2025_M07_N00051,SG_0002,0,1536,2025,7,256,8.205,14.62,0.999612867545396,train,27,12.565,4,"[10,15)",256,256
train,Maamoura,MAAMOURA_r000512_c000512,MAAMOURA_r000512_c000512_Y2019_M05_N00052,maamoura|MAAMOURA_r000512_c000512,maamoura|MAAMOURA_r000512_c000512_Y2019_M05_N00052,SG_0003,512,512,2019,5,167,5.84,14.75,0.999723816452456,train,28,12.438,4,"[10,15)",167,167
train,Maamoura,MAAMOURA_r000512_c000512,MAAMOURA_r000512_c000512_Y2019_M06_N00053,maamoura|MAAMOURA_r000512_c000512,maamoura|MAAMOURA_r000512_c000512_Y2019_M06_N00053,SG_0003,512,512,2019,6,167,5.84,14.75,0.999723816452456,train,29,12.438,4,"[10,15)",167,167
train,Maamoura,MAAMOURA_r000512_c000512,MAAMOURA_r000512_c000512_Y2019_M07_N00054,maamoura|MAAMOURA_r000512_c000512,maamoura|MAAMOURA_r000512_c000512_Y2019_M07_N00054,SG_0003,512,512,2019,7,167,5.84,14.75,0.999723816452456,train,30,12.438,4,"[10,15)",167,167
train,Maamoura,MAAMOURA_r000512_c000512,MAAMOURA_r000512_c000512_Y2019_M08_N00055,maamoura|MAAMOURA_r000512_c000512,maamoura|MAAMOURA_r000512_c000512_Y2019_M08_N00055,SG_0003,512,512,2019,8,167,5.84,14.75,0.999723816452456,train,31,12.438,4,"[10,15)",167,167
train,Maamoura,MAAMOURA_r000512_c000512,MAAMOURA_r000512_c000512_Y2019_M09_N00056,maamoura|MAAMOURA_r000512_c000512,maamoura|MAAMOURA_r000512_c000512_Y2019_M09_N00056,SG_0003,512,512,2019,9,167,5.84,14.75,0.999723816452456,train,32,12.438,4,"[10,15)",167,167
train,Maamoura,MAAMOURA_r000512_c000512,MAAMOURA_r000512_c000512_Y2022_M05_N00057,maamoura|MAAMOURA_r000512_c000512,maamoura|MAAMOURA_r000512_c000512_Y2022_M05_N00057,SG_0003,512,512,2022,5,69,7.49,13.57,0.999723816452456,train,33,11.974000000000002,4,"[10,15)",69,69
train,Maamoura,MAAMOURA_r000512_c000512,MAAMOURA_r000512_c000512_Y2022_M06_N00058,maamoura|MAAMOURA_r000512_c000512,maamoura|MAAMOURA_r000512_c000512_Y2022_M06_N00058,SG_0003,512,512,2022,6,396,5.18,15.02,0.999723816452456,train,34,11.665,4,"[10,15)",396,396
train,Maamoura,MAAMOURA_r000512_c000512,MAAMOURA_r000512_c000512_Y2022_M07_N00059,maamoura|MAAMOURA_r000512_c000512,maamoura|MAAMOURA_r000512_c000512_Y2022_M07_N00059,SG_0003,512,512,2022,7,396,5.18,15.02,0.999723816452456,train,35,11.665,4,"[10,15)",396,396
train,Maamoura,MAAMOURA_r000512_c000512,MAAMOURA_r000512_c000512_Y2022_M08_N00060,maamoura|MAAMOURA_r000512_c000512,maamoura|MAAMOURA_r000512_c000512_Y2022_M08_N00060,SG_0003,512,512,2022,8,396,5.18,15.02,0.999723816452456,train,36,11.665,4,"[10,15)",396,396
train,Maamoura,MAAMOURA_r000512_c000512,MAAMOURA_r000512_c000512_Y2022_M09_N00061,maamoura|MAAMOURA_r000512_c000512,maamoura|MAAMOURA_r000512_c000512_Y2022_M09_N00061,SG_0003,512,512,2022,9,396,5.18,15.02,0.999723816452456,train,37,11.665,4,"[10,15)",396,396
train,Maamoura,MAAMOURA_r000512_c000512,MAAMOURA_r000512_c000512_Y2024_M08_N00062,maamoura|MAAMOURA_r000512_c000512,maamoura|MAAMOURA_r000512_c000512_Y2024_M08_N00062,SG_0003,512,512,2024,8,42,7.6800003,12.41,0.999723816452456,train,38,11.42,4,"[10,15)",42,42
train,Maamoura,MAAMOURA_r000512_c000512,MAAMOURA_r000512_c000512_Y2024_M09_N00063,maamoura|MAAMOURA_r000512_c000512,maamoura|MAAMOURA_r000512_c000512_Y2024_M09_N00063,SG_0003,512,512,2024,9,219,7.51,14.58,0.999723816452456,train,39,11.108,4,"[10,15)",219,219
train,Maamoura,MAAMOURA_r000512_c000512,MAAMOURA_r000512_c000512_Y2025_M05_N00064,maamoura|MAAMOURA_r000512_c000512,maamoura|MAAMOURA_r000512_c000512_Y2025_M05_N00064,SG_0003,512,512,2025,5,219,7.51,14.58,0.999723816452456,train,40,11.108,4,"[10,15)",219,219
train,Maamoura,MAAMOURA_r000512_c000512,MAAMOURA_r000512_c000512_Y2025_M06_N00065,maamoura|MAAMOURA_r000512_c000512,maamoura|MAAMOURA_r000512_c000512_Y2025_M06_N00065,SG_0003,512,512,2025,6,219,7.51,14.58,0.999723816452456,train,41,11.108,4,"[10,15)",219,219
train,Maamoura,MAAMOURA_r000512_c000512,MAAMOURA_r000512_c000512_Y2025_M07_N00066,maamoura|MAAMOURA_r000512_c000512,maamoura|MAAMOURA_r000512_c000512_Y2025_M07_N00066,SG_0003,512,512,2025,7,177,7.51,14.58,0.999723816452456,train,42,11.018,4,"[10,15)",177,177
train,Maamoura,MAAMOURA_r000512_c001024,MAAMOURA_r000512_c001024_Y2019_M05_N00067,maamoura|MAAMOURA_r000512_c001024,maamoura|MAAMOURA_r000512_c001024_Y2019_M05_N00067,SG_0004,512,1024,2019,5,512,10.11,16.74,1.0,train,43,13.59,4,"[10,15)",512,512
train,Maamoura,MAAMOURA_r000512_c001024,MAAMOURA_r000512_c001024_Y2019_M06_N00068,maamoura|MAAMOURA_r000512_c001024,maamoura|MAAMOURA_r000512_c001024_Y2019_M06_N00068,SG_0004,512,1024,2019,6,512,10.11,16.74,1.0,train,44,13.59,4,"[10,15)",512,512
train,Maamoura,MAAMOURA_r000512_c001024,MAAMOURA_r000512_c001024_Y2019_M07_N00069,maamoura|MAAMOURA_r000512_c001024,maamoura|MAAMOURA_r000512_c001024_Y2019_M07_N00069,SG_0004,512,1024,2019,7,512,10.11,16.74,1.0,train,45,13.59,4,"[10,15)",512,512
train,Maamoura,MAAMOURA_r000512_c001024,MAAMOURA_r000512_c001024_Y2019_M08_N00070,maamoura|MAAMOURA_r000512_c001024,maamoura|MAAMOURA_r000512_c001024_Y2019_M08_N00070,SG_0004,512,1024,2019,8,512,10.11,16.74,1.0,train,46,13.59,4,"[10,15)",512,512
train,Maamoura,MAAMOURA_r000512_c001024,MAAMOURA_r000512_c001024_Y2019_M09_N00071,maamoura|MAAMOURA_r000512_c001024,maamoura|MAAMOURA_r000512_c001024_Y2019_M09_N00071,SG_0004,512,1024,2019,9,512,10.11,16.74,1.0,train,47,13.59,4,"[10,15)",512,512
train,Maamoura,MAAMOURA_r000512_c001024,MAAMOURA_r000512_c001024_Y2020_M05_N00072,maamoura|MAAMOURA_r000512_c001024,maamoura|MAAMOURA_r000512_c001024_Y2020_M05_N00072,SG_0004,512,1024,2020,5,7,9.7,13.29,0.9998779296875,train,48,12.09,4,"[10,15)",7,7
train,Maamoura,MAAMOURA_r000512_c001024,MAAMOURA_r000512_c001024_Y2020_M06_N00073,maamoura|MAAMOURA_r000512_c001024,maamoura|MAAMOURA_r000512_c001024_Y2020_M06_N00073,SG_0004,512,1024,2020,6,7,9.7,13.29,0.9999847412109376,train,49,12.09,4,"[10,15)",7,7
train,Maamoura,MAAMOURA_r000512_c001024,MAAMOURA_r000512_c001024_Y2021_M05_N00074,maamoura|MAAMOURA_r000512_c001024,maamoura|MAAMOURA_r000512_c001024_Y2021_M05_N00074,SG_0004,512,1024,2021,5,87,8.8,13.29,1.0,train,50,11.98,4,"[10,15)",87,87
train,Maamoura,MAAMOURA_r000512_c001024,MAAMOURA_r000512_c001024_Y2021_M06_N00075,maamoura|MAAMOURA_r000512_c001024,maamoura|MAAMOURA_r000512_c001024_Y2021_M06_N00075,SG_0004,512,1024,2021,6,87,8.8,13.29,1.0,train,51,11.98,4,"[10,15)",87,87
train,Maamoura,MAAMOURA_r000512_c001024,MAAMOURA_r000512_c001024_Y2021_M07_N00076,maamoura|MAAMOURA_r000512_c001024,maamoura|MAAMOURA_r000512_c001024_Y2021_M07_N00076,SG_0004,512,1024,2021,7,87,8.8,13.29,1.0,train,52,11.98,4,"[10,15)",87,87
train,Maamoura,MAAMOURA_r000512_c001024,MAAMOURA_r000512_c001024_Y2021_M08_N00077,maamoura|MAAMOURA_r000512_c001024,maamoura|MAAMOURA_r000512_c001024_Y2021_M08_N00077,SG_0004,512,1024,2021,8,87,8.8,13.29,1.0,train,53,11.98,4,"[10,15)",87,87
train,Maamoura,MAAMOURA_r000512_c001024,MAAMOURA_r000512_c001024_Y2021_M09_N00078,maamoura|MAAMOURA_r000512_c001024,maamoura|MAAMOURA_r000512_c001024_Y2021_M09_N00078,SG_0004,512,1024,2021,9,87,8.8,13.29,1.0,train,54,11.98,4,"[10,15)",87,87
train,Maamoura,MAAMOURA_r000512_c001024,MAAMOURA_r000512_c001024_Y2022_M06_N00079,maamoura|MAAMOURA_r000512_c001024,maamoura|MAAMOURA_r000512_c001024_Y2022_M06_N00079,SG_0004,512,1024,2022,6,123,4.79,15.99,1.0,train,55,11.476,4,"[10,15)",123,123
train,Maamoura,MAAMOURA_r000512_c001024,MAAMOURA_r000512_c001024_Y2022_M07_N00080,maamoura|MAAMOURA_r000512_c001024,maamoura|MAAMOURA_r000512_c001024_Y2022_M07_N00080,SG_0004,512,1024,2022,7,123,4.79,15.99,1.0,train,56,11.476,4,"[10,15)",123,123
train,Maamoura,MAAMOURA_r000512_c001024,MAAMOURA_r000512_c001024_Y2022_M08_N00081,maamoura|MAAMOURA_r000512_c001024,maamoura|MAAMOURA_r000512_c001024_Y2022_M08_N00081,SG_0004,512,1024,2022,8,123,4.79,15.99,1.0,train,57,11.476,4,"[10,15)",123,123
train,Maamoura,MAAMOURA_r000512_c001024,MAAMOURA_r000512_c001024_Y2022_M09_N00082,maamoura|MAAMOURA_r000512_c001024,maamoura|MAAMOURA_r000512_c001024_Y2022_M09_N00082,SG_0004,512,1024,2022,9,123,4.79,15.99,1.0,train,58,11.476,4,"[10,15)",123,123
train,Maamoura,MAAMOURA_r000512_c001024,MAAMOURA_r000512_c001024_Y2024_M09_N00083,maamoura|MAAMOURA_r000512_c001024,maamoura|MAAMOURA_r000512_c001024_Y2024_M09_N00083,SG_0004,512,1024,2024,9,512,9.53,16.3,1.0,train,59,12.746000000000002,4,"[10,15)",512,512
train,Maamoura,MAAMOURA_r000512_c001024,MAAMOURA_r000512_c001024_Y2025_M05_N00084,maamoura|MAAMOURA_r000512_c001024,maamoura|MAAMOURA_r000512_c001024_Y2025_M05_N00084,SG_0004,512,1024,2025,5,512,9.53,16.3,1.0,train,60,12.746000000000002,4,"[10,15)",512,512
train,Maamoura,MAAMOURA_r000512_c001024,MAAMOURA_r000512_c001024_Y2025_M06_N00085,maamoura|MAAMOURA_r000512_c001024,maamoura|MAAMOURA_r000512_c001024_Y2025_M06_N00085,SG_0004,512,1024,2025,6,512,9.53,16.3,1.0,train,61,12.746000000000002,4,"[10,15)",512,512
train,Maamoura,MAAMOURA_r000512_c001024,MAAMOURA_r000512_c001024_Y2025_M07_N00086,maamoura|MAAMOURA_r000512_c001024,maamoura|MAAMOURA_r000512_c001024_Y2025_M07_N00086,SG_0004,512,1024,2025,7,512,9.53,16.3,1.0,train,62,12.746000000000002,4,"[10,15)",512,512
train,Maamoura,MAAMOURA_r000512_c001536,MAAMOURA_r000512_c001536_Y2019_M05_N00087,maamoura|MAAMOURA_r000512_c001536,maamoura|MAAMOURA_r000512_c001536_Y2019_M05_N00087,SG_0005,512,1536,2019,5,95,2.47,13.59,1.0,train,63,8.57,3,"[8,10)",95,95
train,Maamoura,MAAMOURA_r000512_c001536,MAAMOURA_r000512_c001536_Y2019_M06_N00088,maamoura|MAAMOURA_r000512_c001536,maamoura|MAAMOURA_r000512_c001536_Y2019_M06_N00088,SG_0005,512,1536,2019,6,95,2.47,13.59,1.0,train,64,8.57,3,"[8,10)",95,95
train,Maamoura,MAAMOURA_r000512_c001536,MAAMOURA_r000512_c001536_Y2019_M07_N00089,maamoura|MAAMOURA_r000512_c001536,maamoura|MAAMOURA_r000512_c001536_Y2019_M07_N00089,SG_0005,512,1536,2019,7,95,2.47,13.59,1.0,train,65,8.57,3,"[8,10)",95,95
train,Maamoura,MAAMOURA_r000512_c001536,MAAMOURA_r000512_c001536_Y2019_M08_N00090,maamoura|MAAMOURA_r000512_c001536,maamoura|MAAMOURA_r000512_c001536_Y2019_M08_N00090,SG_0005,512,1536,2019,8,108,2.4850001,15.38,1.0,train,66,8.57,3,"[8,10)",108,108
train,Maamoura,MAAMOURA_r000512_c001536,MAAMOURA_r000512_c001536_Y2019_M09_N00091,maamoura|MAAMOURA_r000512_c001536,maamoura|MAAMOURA_r000512_c001536_Y2019_M09_N00091,SG_0005,512,1536,2019,9,108,2.4850001,15.38,1.0,train,67,8.57,3,"[8,10)",108,108
train,Maamoura,MAAMOURA_r000512_c001536,MAAMOURA_r000512_c001536_Y2020_M05_N00092,maamoura|MAAMOURA_r000512_c001536,maamoura|MAAMOURA_r000512_c001536_Y2020_M05_N00092,SG_0005,512,1536,2020,5,21,3.37,15.38,1.0,train,68,7.86,2,"[5,8)",21,21
train,Maamoura,MAAMOURA_r000512_c001536,MAAMOURA_r000512_c001536_Y2020_M06_N00093,maamoura|MAAMOURA_r000512_c001536,maamoura|MAAMOURA_r000512_c001536_Y2020_M06_N00093,SG_0005,512,1536,2020,6,21,3.37,15.38,0.999969482421875,train,69,7.86,2,"[5,8)",21,21
train,Maamoura,MAAMOURA_r000512_c001536,MAAMOURA_r000512_c001536_Y2020_M07_N00094,maamoura|MAAMOURA_r000512_c001536,maamoura|MAAMOURA_r000512_c001536_Y2020_M07_N00094,SG_0005,512,1536,2020,7,8,3.475,8.05,1.0,train,70,6.005999999999999,2,"[5,8)",8,8
train,Maamoura,MAAMOURA_r000512_c001536,MAAMOURA_r000512_c001536_Y2020_M08_N00095,maamoura|MAAMOURA_r000512_c001536,maamoura|MAAMOURA_r000512_c001536_Y2020_M08_N00095,SG_0005,512,1536,2020,8,8,3.475,8.05,1.0,train,71,6.005999999999999,2,"[5,8)",8,8
train,Maamoura,MAAMOURA_r000512_c001536,MAAMOURA_r000512_c001536_Y2020_M09_N00096,maamoura|MAAMOURA_r000512_c001536,maamoura|MAAMOURA_r000512_c001536_Y2020_M09_N00096,SG_0005,512,1536,2020,9,8,3.475,8.05,1.0,train,72,6.005999999999999,2,"[5,8)",8,8
train,Maamoura,MAAMOURA_r000512_c001536,MAAMOURA_r000512_c001536_Y2021_M05_N00097,maamoura|MAAMOURA_r000512_c001536,maamoura|MAAMOURA_r000512_c001536_Y2021_M05_N00097,SG_0005,512,1536,2021,5,418,2.375,15.69,1.0,train,73,8.962,3,"[8,10)",418,418
train,Maamoura,MAAMOURA_r000512_c001536,MAAMOURA_r000512_c001536_Y2021_M06_N00098,maamoura|MAAMOURA_r000512_c001536,maamoura|MAAMOURA_r000512_c001536_Y2021_M06_N00098,SG_0005,512,1536,2021,6,418,2.375,15.69,1.0,train,74,8.962,3,"[8,10)",418,418
train,Maamoura,MAAMOURA_r000512_c001536,MAAMOURA_r000512_c001536_Y2021_M07_N00099,maamoura|MAAMOURA_r000512_c001536,maamoura|MAAMOURA_r000512_c001536_Y2021_M07_N00099,SG_0005,512,1536,2021,7,418,2.375,15.69,1.0,train,75,8.962,3,"[8,10)",418,418
train,Maamoura,MAAMOURA_r000512_c001536,MAAMOURA_r000512_c001536_Y2021_M08_N00100,maamoura|MAAMOURA_r000512_c001536,maamoura|MAAMOURA_r000512_c001536_Y2021_M08_N00100,SG_0005,512,1536,2021,8,418,2.375,15.69,1.0,train,76,8.962,3,"[8,10)",418,418
train,Maamoura,MAAMOURA_r000512_c001536,MAAMOURA_r000512_c001536_Y2021_M09_N00101,maamoura|MAAMOURA_r000512_c001536,maamoura|MAAMOURA_r000512_c001536_Y2021_M09_N00101,SG_0005,512,1536,2021,9,418,2.375,15.69,1.0,train,77,8.962,3,"[8,10)",418,418
train,Maamoura,MAAMOURA_r000512_c001536,MAAMOURA_r000512_c001536_Y2024_M09_N00102,maamoura|MAAMOURA_r000512_c001536,maamoura|MAAMOURA_r000512_c001536_Y2024_M09_N00102,SG_0005,512,1536,2024,9,195,6.95,14.05,1.0,train,78,11.43,4,"[10,15)",195,195
train,Maamoura,MAAMOURA_r000512_c001536,MAAMOURA_r000512_c001536_Y2025_M05_N00103,maamoura|MAAMOURA_r000512_c001536,maamoura|MAAMOURA_r000512_c001536_Y2025_M05_N00103,SG_0005,512,1536,2025,5,195,6.95,14.05,1.0,train,79,11.43,4,"[10,15)",195,195
train,Maamoura,MAAMOURA_r000512_c001536,MAAMOURA_r000512_c001536_Y2025_M06_N00104,maamoura|MAAMOURA_r000512_c001536,maamoura|MAAMOURA_r000512_c001536_Y2025_M06_N00104,SG_0005,512,1536,2025,6,195,6.95,14.05,1.0,train,80,11.43,4,"[10,15)",195,195
train,Maamoura,MAAMOURA_r000512_c001536,MAAMOURA_r000512_c001536_Y2025_M07_N00105,maamoura|MAAMOURA_r000512_c001536,maamoura|MAAMOURA_r000512_c001536_Y2025_M07_N00105,SG_0005,512,1536,2025,7,195,6.95,14.05,1.0,train,81,11.43,4,"[10,15)",195,195
train,Maamoura,MAAMOURA_r000512_c002048,MAAMOURA_r000512_c002048_Y2020_M05_N00106,maamoura|MAAMOURA_r000512_c002048,maamoura|MAAMOURA_r000512_c002048_Y2020_M05_N00106,SG_0006,512,2048,2020,5,95,3.44,13.59,0.99959153330229,train,82,11.478000000000002,4,"[10,15)",95,95
train,Maamoura,MAAMOURA_r000512_c002048,MAAMOURA_r000512_c002048_Y2020_M06_N00107,maamoura|MAAMOURA_r000512_c002048,maamoura|MAAMOURA_r000512_c002048_Y2020_M06_N00107,SG_0006,512,2048,2020,6,95,3.44,13.59,0.99959153330229,train,83,11.478000000000002,4,"[10,15)",95,95
train,Maamoura,MAAMOURA_r000512_c002048,MAAMOURA_r000512_c002048_Y2020_M07_N00108,maamoura|MAAMOURA_r000512_c002048,maamoura|MAAMOURA_r000512_c002048_Y2020_M07_N00108,SG_0006,512,2048,2020,7,95,3.44,13.59,0.99959153330229,train,84,11.478000000000002,4,"[10,15)",95,95
train,Maamoura,MAAMOURA_r000512_c002048,MAAMOURA_r000512_c002048_Y2020_M08_N00109,maamoura|MAAMOURA_r000512_c002048,maamoura|MAAMOURA_r000512_c002048_Y2020_M08_N00109,SG_0006,512,2048,2020,8,95,3.44,13.59,0.99959153330229,train,85,11.478000000000002,4,"[10,15)",95,95
train,Maamoura,MAAMOURA_r000512_c002048,MAAMOURA_r000512_c002048_Y2020_M09_N00110,maamoura|MAAMOURA_r000512_c002048,maamoura|MAAMOURA_r000512_c002048_Y2020_M09_N00110,SG_0006,512,2048,2020,9,95,3.44,13.59,0.99959153330229,train,86,11.478000000000002,4,"[10,15)",95,95
train,Maamoura,MAAMOURA_r000512_c002048,MAAMOURA_r000512_c002048_Y2021_M06_N00111,maamoura|MAAMOURA_r000512_c002048,maamoura|MAAMOURA_r000512_c002048_Y2021_M06_N00111,SG_0006,512,2048,2021,6,81,3.4,10.29,0.99959153330229,train,87,8.98,3,"[8,10)",81,81
train,Maamoura,MAAMOURA_r000512_c002048,MAAMOURA_r000512_c002048_Y2021_M07_N00112,maamoura|MAAMOURA_r000512_c002048,maamoura|MAAMOURA_r000512_c002048_Y2021_M07_N00112,SG_0006,512,2048,2021,7,81,3.4,10.29,0.99959153330229,train,88,8.98,3,"[8,10)",81,81
train,Maamoura,MAAMOURA_r000512_c002048,MAAMOURA_r000512_c002048_Y2021_M08_N00113,maamoura|MAAMOURA_r000512_c002048,maamoura|MAAMOURA_r000512_c002048_Y2021_M08_N00113,SG_0006,512,2048,2021,8,81,3.4,10.29,0.99959153330229,train,89,8.98,3,"[8,10)",81,81
train,Maamoura,MAAMOURA_r000512_c002048,MAAMOURA_r000512_c002048_Y2021_M09_N00114,maamoura|MAAMOURA_r000512_c002048,maamoura|MAAMOURA_r000512_c002048_Y2021_M09_N00114,SG_0006,512,2048,2021,9,81,3.4,10.29,0.99959153330229,train,90,8.98,3,"[8,10)",81,81
train,Maamoura,MAAMOURA_r000512_c002048,MAAMOURA_r000512_c002048_Y2022_M05_N00115,maamoura|MAAMOURA_r000512_c002048,maamoura|MAAMOURA_r000512_c002048_Y2022_M05_N00115,SG_0006,512,2048,2022,5,119,4.7,13.46,0.99959153330229,train,91,10.786,4,"[10,15)",119,119
train,Maamoura,MAAMOURA_r000512_c002048,MAAMOURA_r000512_c002048_Y2022_M06_N00116,maamoura|MAAMOURA_r000512_c002048,maamoura|MAAMOURA_r000512_c002048_Y2022_M06_N00116,SG_0006,512,2048,2022,6,119,4.7,13.46,0.99959153330229,train,92,10.786,4,"[10,15)",119,119
train,Maamoura,MAAMOURA_r000512_c002048,MAAMOURA_r000512_c002048_Y2022_M07_N00117,maamoura|MAAMOURA_r000512_c002048,maamoura|MAAMOURA_r000512_c002048_Y2022_M07_N00117,SG_0006,512,2048,2022,7,119,4.7,13.46,0.99959153330229,train,93,10.786,4,"[10,15)",119,119
train,Maamoura,MAAMOURA_r000512_c002048,MAAMOURA_r000512_c002048_Y2022_M08_N00118,maamoura|MAAMOURA_r000512_c002048,maamoura|MAAMOURA_r000512_c002048_Y2022_M08_N00118,SG_0006,512,2048,2022,8,119,4.7,13.46,0.99959153330229,train,94,10.786,4,"[10,15)",119,119
train,Maamoura,MAAMOURA_r000512_c002048,MAAMOURA_r000512_c002048_Y2022_M09_N00119,maamoura|MAAMOURA_r000512_c002048,maamoura|MAAMOURA_r000512_c002048_Y2022_M09_N00119,SG_0006,512,2048,2022,9,119,4.7,13.46,0.99959153330229,train,95,10.786,4,"[10,15)",119,119
train,Maamoura,MAAMOURA_r001024_c000000,MAAMOURA_r001024_c000000_Y2021_M08_N00120,maamoura|MAAMOURA_r001024_c000000,maamoura|MAAMOURA_r001024_c000000_Y2021_M08_N00120,SG_0007,1024,0,2021,8,55,3.36,12.72,0.9996506702764072,train,96,11.716,4,"[10,15)",55,55
train,Maamoura,MAAMOURA_r001024_c000000,MAAMOURA_r001024_c000000_Y2021_M09_N00121,maamoura|MAAMOURA_r001024_c000000,maamoura|MAAMOURA_r001024_c000000_Y2021_M09_N00121,SG_0007,1024,0,2021,9,55,3.36,12.72,0.9996506702764072,train,97,11.716,4,"[10,15)",55,55
train,Maamoura,MAAMOURA_r001024_c000000,MAAMOURA_r001024_c000000_Y2022_M05_N00122,maamoura|MAAMOURA_r001024_c000000,maamoura|MAAMOURA_r001024_c000000_Y2022_M05_N00122,SG_0007,1024,0,2022,5,54,3.195,12.72,0.9996506702764072,train,98,11.742,4,"[10,15)",54,54
train,Maamoura,MAAMOURA_r001024_c000000,MAAMOURA_r001024_c000000_Y2022_M06_N00123,maamoura|MAAMOURA_r001024_c000000,maamoura|MAAMOURA_r001024_c000000_Y2022_M06_N00123,SG_0007,1024,0,2022,6,240,2.95,13.56,0.9996506702764072,train,99,11.65,4,"[10,15)",240,240
train,Maamoura,MAAMOURA_r001024_c000000,MAAMOURA_r001024_c000000_Y2022_M07_N00124,maamoura|MAAMOURA_r001024_c000000,maamoura|MAAMOURA_r001024_c000000_Y2022_M07_N00124,SG_0007,1024,0,2022,7,186,2.875,13.56,0.9996506702764072,train,100,11.61,4,"[10,15)",186,186
train,Maamoura,MAAMOURA_r001024_c000000,MAAMOURA_r001024_c000000_Y2022_M08_N00125,maamoura|MAAMOURA_r001024_c000000,maamoura|MAAMOURA_r001024_c000000_Y2022_M08_N00125,SG_0007,1024,0,2022,8,186,2.875,13.56,0.9996506702764072,train,101,11.61,4,"[10,15)",186,186
train,Maamoura,MAAMOURA_r001024_c000000,MAAMOURA_r001024_c000000_Y2022_M09_N00126,maamoura|MAAMOURA_r001024_c000000,maamoura|MAAMOURA_r001024_c000000_Y2022_M09_N00126,SG_0007,1024,0,2022,9,186,2.875,13.56,0.9996506702764072,train,102,11.61,4,"[10,15)",186,186
train,Maamoura,MAAMOURA_r001024_c000000,MAAMOURA_r001024_c000000_Y2024_M08_N00127,maamoura|MAAMOURA_r001024_c000000,maamoura|MAAMOURA_r001024_c000000_Y2024_M08_N00127,SG_0007,1024,0,2024,8,41,8.96,11.69,0.9996332037902276,train,103,10.76,4,"[10,15)",41,41
train,Maamoura,MAAMOURA_r001024_c000000,MAAMOURA_r001024_c000000_Y2024_M09_N00128,maamoura|MAAMOURA_r001024_c000000,maamoura|MAAMOURA_r001024_c000000_Y2024_M09_N00128,SG_0007,1024,0,2024,9,239,5.27,14.32,0.9996332037902276,train,104,11.29,4,"[10,15)",239,239
train,Maamoura,MAAMOURA_r001024_c000000,MAAMOURA_r001024_c000000_Y2025_M05_N00129,maamoura|MAAMOURA_r001024_c000000,maamoura|MAAMOURA_r001024_c000000_Y2025_M05_N00129,SG_0007,1024,0,2025,5,239,5.27,14.32,0.9996506702764072,train,105,11.29,4,"[10,15)",239,239
train,Maamoura,MAAMOURA_r001024_c000000,MAAMOURA_r001024_c000000_Y2025_M06_N00130,maamoura|MAAMOURA_r001024_c000000,maamoura|MAAMOURA_r001024_c000000_Y2025_M06_N00130,SG_0007,1024,0,2025,6,233,6.31,14.32,0.9995982708178682,train,106,11.29,4,"[10,15)",233,233
train,Maamoura,MAAMOURA_r001024_c000000,MAAMOURA_r001024_c000000_Y2025_M07_N00131,maamoura|MAAMOURA_r001024_c000000,maamoura|MAAMOURA_r001024_c000000_Y2025_M07_N00131,SG_0007,1024,0,2025,7,198,4.445,14.32,0.9995808043316886,train,107,11.379,4,"[10,15)",198,198
train,Maamoura,MAAMOURA_r001024_c001024,MAAMOURA_r001024_c001024_Y2019_M05_N00132,maamoura|MAAMOURA_r001024_c001024,maamoura|MAAMOURA_r001024_c001024_Y2019_M05_N00132,SG_0009,1024,1024,2019,5,287,2.92,16.33,1.0,train,108,12.336000000000002,4,"[10,15)",287,287
train,Maamoura,MAAMOURA_r001024_c001024,MAAMOURA_r001024_c001024_Y2019_M06_N00133,maamoura|MAAMOURA_r001024_c001024,maamoura|MAAMOURA_r001024_c001024_Y2019_M06_N00133,SG_0009,1024,1024,2019,6,287,2.92,16.33,1.0,train,109,12.336000000000002,4,"[10,15)",287,287
train,Maamoura,MAAMOURA_r001024_c001024,MAAMOURA_r001024_c001024_Y2019_M07_N00134,maamoura|MAAMOURA_r001024_c001024,maamoura|MAAMOURA_r001024_c001024_Y2019_M07_N00134,SG_0009,1024,1024,2019,7,287,2.92,16.33,1.0,train,110,12.336000000000002,4,"[10,15)",287,287
train,Maamoura,MAAMOURA_r001024_c001024,MAAMOURA_r001024_c001024_Y2019_M08_N00135,maamoura|MAAMOURA_r001024_c001024,maamoura|MAAMOURA_r001024_c001024_Y2019_M08_N00135,SG_0009,1024,1024,2019,8,287,2.92,16.33,1.0,train,111,12.336000000000002,4,"[10,15)",287,287
train,Maamoura,MAAMOURA_r001024_c001024,MAAMOURA_r001024_c001024_Y2019_M09_N00136,maamoura|MAAMOURA_r001024_c001024,maamoura|MAAMOURA_r001024_c001024_Y2019_M09_N00136,SG_0009,1024,1024,2019,9,287,2.92,16.33,1.0,train,112,12.336000000000002,4,"[10,15)",287,287
train,Maamoura,MAAMOURA_r001024_c001024,MAAMOURA_r001024_c001024_Y2020_M05_N00137,maamoura|MAAMOURA_r001024_c001024,maamoura|MAAMOURA_r001024_c001024_Y2020_M05_N00137,SG_0009,1024,1024,2020,5,33,2.94,13.44,0.9999847412109376,train,113,12.632,4,"[10,15)",33,33
train,Maamoura,MAAMOURA_r001024_c001024,MAAMOURA_r001024_c001024_Y2020_M06_N00138,maamoura|MAAMOURA_r001024_c001024,maamoura|MAAMOURA_r001024_c001024_Y2020_M06_N00138,SG_0009,1024,1024,2020,6,33,2.94,13.44,1.0,train,114,12.632,4,"[10,15)",33,33
train,Maamoura,MAAMOURA_r001024_c001024,MAAMOURA_r001024_c001024_Y2020_M07_N00139,maamoura|MAAMOURA_r001024_c001024,maamoura|MAAMOURA_r001024_c001024_Y2020_M07_N00139,SG_0009,1024,1024,2020,7,33,2.94,13.44,1.0,train,115,12.632,4,"[10,15)",33,33
train,Maamoura,MAAMOURA_r001024_c001024,MAAMOURA_r001024_c001024_Y2020_M08_N00140,maamoura|MAAMOURA_r001024_c001024,maamoura|MAAMOURA_r001024_c001024_Y2020_M08_N00140,SG_0009,1024,1024,2020,8,33,2.94,13.44,1.0,train,116,12.632,4,"[10,15)",33,33
train,Maamoura,MAAMOURA_r001024_c001024,MAAMOURA_r001024_c001024_Y2020_M09_N00141,maamoura|MAAMOURA_r001024_c001024,maamoura|MAAMOURA_r001024_c001024_Y2020_M09_N00141,SG_0009,1024,1024,2020,9,33,2.94,13.44,1.0,train,117,12.632,4,"[10,15)",33,33
train,Maamoura,MAAMOURA_r001024_c001024,MAAMOURA_r001024_c001024_Y2021_M05_N00142,maamoura|MAAMOURA_r001024_c001024,maamoura|MAAMOURA_r001024_c001024_Y2021_M05_N00142,SG_0009,1024,1024,2021,5,123,4.6,15.5,1.0,train,118,12.898,4,"[10,15)",123,123
train,Maamoura,MAAMOURA_r001024_c001024,MAAMOURA_r001024_c001024_Y2021_M06_N00143,maamoura|MAAMOURA_r001024_c001024,maamoura|MAAMOURA_r001024_c001024_Y2021_M06_N00143,SG_0009,1024,1024,2021,6,123,4.6,15.5,1.0,train,119,12.898,4,"[10,15)",123,123
train,Maamoura,MAAMOURA_r001024_c001024,MAAMOURA_r001024_c001024_Y2021_M07_N00144,maamoura|MAAMOURA_r001024_c001024,maamoura|MAAMOURA_r001024_c001024_Y2021_M07_N00144,SG_0009,1024,1024,2021,7,123,4.6,15.5,1.0,train,120,12.898,4,"[10,15)",123,123
train,Maamoura,MAAMOURA_r001024_c001024,MAAMOURA_r001024_c001024_Y2021_M08_N00145,maamoura|MAAMOURA_r001024_c001024,maamoura|MAAMOURA_r001024_c001024_Y2021_M08_N00145,SG_0009,1024,1024,2021,8,123,4.6,15.5,1.0,train,121,12.898,4,"[10,15)",123,123
train,Maamoura,MAAMOURA_r001024_c001024,MAAMOURA_r001024_c001024_Y2021_M09_N00146,maamoura|MAAMOURA_r001024_c001024,maamoura|MAAMOURA_r001024_c001024_Y2021_M09_N00146,SG_0009,1024,1024,2021,9,123,4.6,15.5,1.0,train,122,12.898,4,"[10,15)",123,123
train,Maamoura,MAAMOURA_r001024_c001024,MAAMOURA_r001024_c001024_Y2024_M08_N00147,maamoura|MAAMOURA_r001024_c001024,maamoura|MAAMOURA_r001024_c001024_Y2024_M08_N00147,SG_0009,1024,1024,2024,8,90,8.165,14.06,1.0,train,123,12.191,4,"[10,15)",90,90
train,Maamoura,MAAMOURA_r001024_c001024,MAAMOURA_r001024_c001024_Y2024_M09_N00148,maamoura|MAAMOURA_r001024_c001024,maamoura|MAAMOURA_r001024_c001024_Y2024_M09_N00148,SG_0009,1024,1024,2024,9,230,9.305,14.5,1.0,train,124,12.29,4,"[10,15)",230,230
train,Maamoura,MAAMOURA_r001024_c001024,MAAMOURA_r001024_c001024_Y2025_M05_N00149,maamoura|MAAMOURA_r001024_c001024,maamoura|MAAMOURA_r001024_c001024_Y2025_M05_N00149,SG_0009,1024,1024,2025,5,230,9.305,14.5,1.0,train,125,12.29,4,"[10,15)",230,230
train,Maamoura,MAAMOURA_r001024_c001024,MAAMOURA_r001024_c001024_Y2025_M06_N00150,maamoura|MAAMOURA_r001024_c001024,maamoura|MAAMOURA_r001024_c001024_Y2025_M06_N00150,SG_0009,1024,1024,2025,6,230,9.305,14.5,1.0,train,126,12.29,4,"[10,15)",230,230
train,Maamoura,MAAMOURA_r001024_c001024,MAAMOURA_r001024_c001024_Y2025_M07_N00151,maamoura|MAAMOURA_r001024_c001024,maamoura|MAAMOURA_r001024_c001024_Y2025_M07_N00151,SG_0009,1024,1024,2025,7,140,9.635,14.5,1.0,train,127,12.294,4,"[10,15)",140,140
train,Maamoura,MAAMOURA_r001024_c002048,MAAMOURA_r001024_c002048_Y2021_M06_N00152,maamoura|MAAMOURA_r001024_c002048,maamoura|MAAMOURA_r001024_c002048_Y2021_M06_N00152,SG_0011,1024,2048,2021,6,46,2.58,8.42,0.999186797416886,train,128,7.705,2,"[5,8)",46,46
train,Maamoura,MAAMOURA_r001024_c002048,MAAMOURA_r001024_c002048_Y2021_M07_N00153,maamoura|MAAMOURA_r001024_c002048,maamoura|MAAMOURA_r001024_c002048_Y2021_M07_N00153,SG_0011,1024,2048,2021,7,46,2.58,8.42,0.999186797416886,train,129,7.705,2,"[5,8)",46,46
train,Maamoura,MAAMOURA_r001024_c002048,MAAMOURA_r001024_c002048_Y2021_M08_N00154,maamoura|MAAMOURA_r001024_c002048,maamoura|MAAMOURA_r001024_c002048_Y2021_M08_N00154,SG_0011,1024,2048,2021,8,46,2.58,8.42,0.999186797416886,train,130,7.705,2,"[5,8)",46,46
train,Maamoura,MAAMOURA_r001024_c002048,MAAMOURA_r001024_c002048_Y2021_M09_N00155,maamoura|MAAMOURA_r001024_c002048,maamoura|MAAMOURA_r001024_c002048_Y2021_M09_N00155,SG_0011,1024,2048,2021,9,46,2.58,8.42,0.999186797416886,train,131,7.705,2,"[5,8)",46,46
train,Maamoura,MAAMOURA_r001536_c000000,MAAMOURA_r001536_c000000_Y2021_M05_N00156,maamoura|MAAMOURA_r001536_c000000,maamoura|MAAMOURA_r001536_c000000_Y2021_M05_N00156,SG_0012,1536,0,2021,5,34,10.86,14.15,0.999657018346156,train,132,12.302,4,"[10,15)",34,34
train,Maamoura,MAAMOURA_r001536_c000000,MAAMOURA_r001536_c000000_Y2021_M06_N00157,maamoura|MAAMOURA_r001536_c000000,maamoura|MAAMOURA_r001536_c000000_Y2021_M06_N00157,SG_0012,1536,0,2021,6,34,10.86,14.15,0.999657018346156,train,133,12.302,4,"[10,15)",34,34
train,Maamoura,MAAMOURA_r001536_c000000,MAAMOURA_r001536_c000000_Y2021_M07_N00158,maamoura|MAAMOURA_r001536_c000000,maamoura|MAAMOURA_r001536_c000000_Y2021_M07_N00158,SG_0012,1536,0,2021,7,34,10.86,14.15,0.999657018346156,train,134,12.302,4,"[10,15)",34,34
train,Maamoura,MAAMOURA_r001536_c000000,MAAMOURA_r001536_c000000_Y2021_M08_N00159,maamoura|MAAMOURA_r001536_c000000,maamoura|MAAMOURA_r001536_c000000_Y2021_M08_N00159,SG_0012,1536,0,2021,8,38,10.84,14.15,0.999657018346156,train,135,12.078000000000005,4,"[10,15)",38,38
train,Maamoura,MAAMOURA_r001536_c000000,MAAMOURA_r001536_c000000_Y2021_M09_N00160,maamoura|MAAMOURA_r001536_c000000,maamoura|MAAMOURA_r001536_c000000_Y2021_M09_N00160,SG_0012,1536,0,2021,9,38,10.84,14.15,0.999657018346156,train,136,12.078000000000005,4,"[10,15)",38,38
train,Maamoura,MAAMOURA_r001536_c000000,MAAMOURA_r001536_c000000_Y2022_M06_N00161,maamoura|MAAMOURA_r001536_c000000,maamoura|MAAMOURA_r001536_c000000_Y2022_M06_N00161,SG_0012,1536,0,2022,6,29,9.02,13.07,0.999657018346156,train,137,11.396,4,"[10,15)",29,29
train,Maamoura,MAAMOURA_r001536_c000000,MAAMOURA_r001536_c000000_Y2022_M07_N00162,maamoura|MAAMOURA_r001536_c000000,maamoura|MAAMOURA_r001536_c000000_Y2022_M07_N00162,SG_0012,1536,0,2022,7,25,9.02,13.07,0.999657018346156,train,138,11.428,4,"[10,15)",25,25
train,Maamoura,MAAMOURA_r001536_c000000,MAAMOURA_r001536_c000000_Y2022_M08_N00163,maamoura|MAAMOURA_r001536_c000000,maamoura|MAAMOURA_r001536_c000000_Y2022_M08_N00163,SG_0012,1536,0,2022,8,25,9.02,13.07,0.999657018346156,train,139,11.428,4,"[10,15)",25,25
train,Maamoura,MAAMOURA_r001536_c000000,MAAMOURA_r001536_c000000_Y2022_M09_N00164,maamoura|MAAMOURA_r001536_c000000,maamoura|MAAMOURA_r001536_c000000_Y2022_M09_N00164,SG_0012,1536,0,2022,9,25,9.02,13.07,0.999657018346156,train,140,11.428,4,"[10,15)",25,25
train,Maamoura,MAAMOURA_r001536_c000000,MAAMOURA_r001536_c000000_Y2024_M07_N00165,maamoura|MAAMOURA_r001536_c000000,maamoura|MAAMOURA_r001536_c000000_Y2024_M07_N00165,SG_0012,1536,0,2024,7,167,8.6,15.11,0.999657018346156,train,141,10.884,4,"[10,15)",167,167
train,Maamoura,MAAMOURA_r001536_c000000,MAAMOURA_r001536_c000000_Y2024_M08_N00166,maamoura|MAAMOURA_r001536_c000000,maamoura|MAAMOURA_r001536_c000000_Y2024_M08_N00166,SG_0012,1536,0,2024,8,167,8.6,15.11,0.999657018346156,train,142,10.884,4,"[10,15)",167,167
train,Maamoura,MAAMOURA_r001536_c000000,MAAMOURA_r001536_c000000_Y2024_M09_N00167,maamoura|MAAMOURA_r001536_c000000,maamoura|MAAMOURA_r001536_c000000_Y2024_M09_N00167,SG_0012,1536,0,2024,9,503,8.75,15.11,0.999657018346156,train,143,11.06,4,"[10,15)",503,503
train,Maamoura,MAAMOURA_r001536_c000000,MAAMOURA_r001536_c000000_Y2025_M05_N00168,maamoura|MAAMOURA_r001536_c000000,maamoura|MAAMOURA_r001536_c000000_Y2025_M05_N00168,SG_0012,1536,0,2025,5,503,8.75,15.11,0.999657018346156,train,144,11.06,4,"[10,15)",503,503
train,Maamoura,MAAMOURA_r001536_c000000,MAAMOURA_r001536_c000000_Y2025_M06_N00169,maamoura|MAAMOURA_r001536_c000000,maamoura|MAAMOURA_r001536_c000000_Y2025_M06_N00169,SG_0012,1536,0,2025,6,336,8.9,13.42,0.999657018346156,train,145,11.23,4,"[10,15)",336,336
train,Maamoura,MAAMOURA_r001536_c000000,MAAMOURA_r001536_c000000_Y2025_M07_N00170,maamoura|MAAMOURA_r001536_c000000,maamoura|MAAMOURA_r001536_c000000_Y2025_M07_N00170,SG_0012,1536,0,2025,7,336,8.9,13.42,0.999657018346156,train,146,11.23,4,"[10,15)",336,336
train,Maamoura,MAAMOURA_r002048_c000512,MAAMOURA_r002048_c000512_Y2021_M06_N00171,maamoura|MAAMOURA_r002048_c000512,maamoura|MAAMOURA_r002048_c000512_Y2021_M06_N00171,SG_0016,2048,512,2021,6,56,9.375,13.55,0.9996217751937304,train,147,11.12,4,"[10,15)",56,56
train,Maamoura,MAAMOURA_r002048_c000512,MAAMOURA_r002048_c000512_Y2021_M07_N00172,maamoura|MAAMOURA_r002048_c000512,maamoura|MAAMOURA_r002048_c000512_Y2021_M07_N00172,SG_0016,2048,512,2021,7,56,9.375,13.55,0.9996393670451846,train,148,11.12,4,"[10,15)",56,56
train,Maamoura,MAAMOURA_r002048_c000512,MAAMOURA_r002048_c000512_Y2021_M08_N00173,maamoura|MAAMOURA_r002048_c000512,maamoura|MAAMOURA_r002048_c000512_Y2021_M08_N00173,SG_0016,2048,512,2021,8,62,9.47,13.55,0.9995953874165486,train,149,11.147,4,"[10,15)",62,62
train,Maamoura,MAAMOURA_r002048_c000512,MAAMOURA_r002048_c000512_Y2021_M09_N00174,maamoura|MAAMOURA_r002048_c000512,maamoura|MAAMOURA_r002048_c000512_Y2021_M09_N00174,SG_0016,2048,512,2021,9,62,9.47,13.55,0.9996393670451846,train,150,11.147,4,"[10,15)",62,62
train,Maamoura,MAAMOURA_r002048_c000512,MAAMOURA_r002048_c000512_Y2022_M05_N00175,maamoura|MAAMOURA_r002048_c000512,maamoura|MAAMOURA_r002048_c000512_Y2022_M05_N00175,SG_0016,2048,512,2022,5,6,10.87,12.2,0.9996393670451846,train,151,11.75,4,"[10,15)",6,6
train,Maamoura,MAAMOURA_r002048_c000512,MAAMOURA_r002048_c000512_Y2022_M06_N00176,maamoura|MAAMOURA_r002048_c000512,maamoura|MAAMOURA_r002048_c000512_Y2022_M06_N00176,SG_0016,2048,512,2022,6,6,10.87,12.2,0.9996217751937304,train,152,11.75,4,"[10,15)",6,6
train,Maamoura,MAAMOURA_r002048_c001024,MAAMOURA_r002048_c001024_Y2021_M06_N00177,maamoura|MAAMOURA_r002048_c001024,maamoura|MAAMOURA_r002048_c001024_Y2021_M06_N00177,SG_0017,2048,1024,2021,6,9,2.54,6.62,0.999551795618802,train,153,4.916,1,"[2.5,5)",9,9
train,Maamoura,MAAMOURA_r002048_c001024,MAAMOURA_r002048_c001024_Y2021_M07_N00178,maamoura|MAAMOURA_r002048_c001024,maamoura|MAAMOURA_r002048_c001024_Y2021_M07_N00178,SG_0017,2048,1024,2021,7,9,2.54,6.62,0.999551795618802,train,154,4.916,1,"[2.5,5)",9,9
train,Maamoura,MAAMOURA_r002048_c001024,MAAMOURA_r002048_c001024_Y2021_M08_N00179,maamoura|MAAMOURA_r002048_c001024,maamoura|MAAMOURA_r002048_c001024_Y2021_M08_N00179,SG_0017,2048,1024,2021,8,55,8.38,12.65,0.999551795618802,train,155,11.394,4,"[10,15)",55,55
train,Maamoura,MAAMOURA_r002048_c001024,MAAMOURA_r002048_c001024_Y2021_M09_N00180,maamoura|MAAMOURA_r002048_c001024,maamoura|MAAMOURA_r002048_c001024_Y2021_M09_N00180,SG_0017,2048,1024,2021,9,55,8.38,12.65,0.999551795618802,train,156,11.394,4,"[10,15)",55,55
train,Maamoura,MAAMOURA_r002048_c001024,MAAMOURA_r002048_c001024_Y2022_M05_N00181,maamoura|MAAMOURA_r002048_c001024,maamoura|MAAMOURA_r002048_c001024_Y2022_M05_N00181,SG_0017,2048,1024,2022,5,46,8.924999,12.65,0.999551795618802,train,157,11.41,4,"[10,15)",46,46
train,Maamoura,MAAMOURA_r002048_c001024,MAAMOURA_r002048_c001024_Y2022_M06_N00182,maamoura|MAAMOURA_r002048_c001024,maamoura|MAAMOURA_r002048_c001024_Y2022_M06_N00182,SG_0017,2048,1024,2022,6,46,8.924999,12.65,0.999551795618802,train,158,11.41,4,"[10,15)",46,46
train,Maamoura,MAAMOURA_r002048_c001024,MAAMOURA_r002048_c001024_Y2024_M08_N00183,maamoura|MAAMOURA_r002048_c001024,maamoura|MAAMOURA_r002048_c001024_Y2024_M08_N00183,SG_0017,2048,1024,2024,8,7,9.38,11.02,0.999551795618802,train,159,10.282,4,"[10,15)",7,7
train,Maamoura,MAAMOURA_r002048_c001024,MAAMOURA_r002048_c001024_Y2024_M09_N00184,maamoura|MAAMOURA_r002048_c001024,maamoura|MAAMOURA_r002048_c001024_Y2024_M09_N00184,SG_0017,2048,1024,2024,9,7,9.38,11.02,0.999551795618802,train,160,10.282,4,"[10,15)",7,7
train,Maamoura,MAAMOURA_r002048_c001024,MAAMOURA_r002048_c001024_Y2025_M05_N00185,maamoura|MAAMOURA_r002048_c001024,maamoura|MAAMOURA_r002048_c001024_Y2025_M05_N00185,SG_0017,2048,1024,2025,5,7,9.38,11.02,0.999551795618802,train,161,10.282,4,"[10,15)",7,7
train,Maamoura,MAAMOURA_r002048_c001024,MAAMOURA_r002048_c001024_Y2025_M06_N00186,maamoura|MAAMOURA_r002048_c001024,maamoura|MAAMOURA_r002048_c001024_Y2025_M06_N00186,SG_0017,2048,1024,2025,6,7,9.38,11.02,0.999551795618802,train,162,10.282,4,"[10,15)",7,7
train,Maamoura,MAAMOURA_r001536_c000512,MAAMOURA_r001536_c000512_Y2020_M05_N00187,maamoura|MAAMOURA_r001536_c000512,maamoura|MAAMOURA_r001536_c000512_Y2020_M05_N00187,SG_0013,1536,512,2020,5,11,2.65,13.03,1.0,train,163,12.28,4,"[10,15)",11,11
train,Maamoura,MAAMOURA_r001536_c000512,MAAMOURA_r001536_c000512_Y2020_M06_N00188,maamoura|MAAMOURA_r001536_c000512,maamoura|MAAMOURA_r001536_c000512_Y2020_M06_N00188,SG_0013,1536,512,2020,6,11,2.65,13.03,1.0,train,164,12.28,4,"[10,15)",11,11
train,Maamoura,MAAMOURA_r001536_c000512,MAAMOURA_r001536_c000512_Y2020_M07_N00189,maamoura|MAAMOURA_r001536_c000512,maamoura|MAAMOURA_r001536_c000512_Y2020_M07_N00189,SG_0013,1536,512,2020,7,11,2.65,13.03,1.0,train,165,12.28,4,"[10,15)",11,11
train,Maamoura,MAAMOURA_r001536_c000512,MAAMOURA_r001536_c000512_Y2020_M08_N00190,maamoura|MAAMOURA_r001536_c000512,maamoura|MAAMOURA_r001536_c000512_Y2020_M08_N00190,SG_0013,1536,512,2020,8,11,2.65,13.03,1.0,train,166,12.28,4,"[10,15)",11,11
train,Maamoura,MAAMOURA_r001536_c000512,MAAMOURA_r001536_c000512_Y2020_M09_N00191,maamoura|MAAMOURA_r001536_c000512,maamoura|MAAMOURA_r001536_c000512_Y2020_M09_N00191,SG_0013,1536,512,2020,9,11,2.65,13.03,1.0,train,167,12.28,4,"[10,15)",11,11
train,Maamoura,MAAMOURA_r001536_c000512,MAAMOURA_r001536_c000512_Y2021_M05_N00192,maamoura|MAAMOURA_r001536_c000512,maamoura|MAAMOURA_r001536_c000512_Y2021_M05_N00192,SG_0013,1536,512,2021,5,219,10.93,15.39,1.0,train,168,13.18,4,"[10,15)",219,219
train,Maamoura,MAAMOURA_r001536_c000512,MAAMOURA_r001536_c000512_Y2021_M06_N00193,maamoura|MAAMOURA_r001536_c000512,maamoura|MAAMOURA_r001536_c000512_Y2021_M06_N00193,SG_0013,1536,512,2021,6,219,10.93,15.39,1.0,train,169,13.18,4,"[10,15)",219,219
train,Maamoura,MAAMOURA_r001536_c000512,MAAMOURA_r001536_c000512_Y2021_M07_N00194,maamoura|MAAMOURA_r001536_c000512,maamoura|MAAMOURA_r001536_c000512_Y2021_M07_N00194,SG_0013,1536,512,2021,7,219,10.93,15.39,1.0,train,170,13.18,4,"[10,15)",219,219
train,Maamoura,MAAMOURA_r001536_c000512,MAAMOURA_r001536_c000512_Y2021_M08_N00195,maamoura|MAAMOURA_r001536_c000512,maamoura|MAAMOURA_r001536_c000512_Y2021_M08_N00195,SG_0013,1536,512,2021,8,374,11.23,19.69,1.0,train,171,13.241,4,"[10,15)",374,374
train,Maamoura,MAAMOURA_r001536_c000512,MAAMOURA_r001536_c000512_Y2021_M09_N00196,maamoura|MAAMOURA_r001536_c000512,maamoura|MAAMOURA_r001536_c000512_Y2021_M09_N00196,SG_0013,1536,512,2021,9,374,11.23,19.69,1.0,train,172,13.241,4,"[10,15)",374,374
train,Maamoura,MAAMOURA_r001536_c000512,MAAMOURA_r001536_c000512_Y2022_M05_N00197,maamoura|MAAMOURA_r001536_c000512,maamoura|MAAMOURA_r001536_c000512_Y2022_M05_N00197,SG_0013,1536,512,2022,5,155,11.52,19.69,1.0,train,173,13.515999999999998,4,"[10,15)",155,155
train,Maamoura,MAAMOURA_r001536_c000512,MAAMOURA_r001536_c000512_Y2022_M06_N00198,maamoura|MAAMOURA_r001536_c000512,maamoura|MAAMOURA_r001536_c000512_Y2022_M06_N00198,SG_0013,1536,512,2022,6,155,11.52,19.69,1.0,train,174,13.515999999999998,4,"[10,15)",155,155
train,Maamoura,MAAMOURA_r001536_c000512,MAAMOURA_r001536_c000512_Y2024_M07_N00199,maamoura|MAAMOURA_r001536_c000512,maamoura|MAAMOURA_r001536_c000512_Y2024_M07_N00199,SG_0013,1536,512,2024,7,12,4.295,12.01,1.0,train,175,11.79,4,"[10,15)",12,12
train,Maamoura,MAAMOURA_r001536_c000512,MAAMOURA_r001536_c000512_Y2024_M08_N00200,maamoura|MAAMOURA_r001536_c000512,maamoura|MAAMOURA_r001536_c000512_Y2024_M08_N00200,SG_0013,1536,512,2024,8,93,9.64,14.12,1.0,train,176,12.428,4,"[10,15)",93,93
train,Maamoura,MAAMOURA_r001536_c000512,MAAMOURA_r001536_c000512_Y2024_M09_N00201,maamoura|MAAMOURA_r001536_c000512,maamoura|MAAMOURA_r001536_c000512_Y2024_M09_N00201,SG_0013,1536,512,2024,9,185,10.17,14.12,1.0,train,177,12.188,4,"[10,15)",185,185
train,Maamoura,MAAMOURA_r001536_c000512,MAAMOURA_r001536_c000512_Y2025_M05_N00202,maamoura|MAAMOURA_r001536_c000512,maamoura|MAAMOURA_r001536_c000512_Y2025_M05_N00202,SG_0013,1536,512,2025,5,185,10.17,14.12,1.0,train,178,12.188,4,"[10,15)",185,185
train,Maamoura,MAAMOURA_r001536_c000512,MAAMOURA_r001536_c000512_Y2025_M06_N00203,maamoura|MAAMOURA_r001536_c000512,maamoura|MAAMOURA_r001536_c000512_Y2025_M06_N00203,SG_0013,1536,512,2025,6,173,10.27,14.12,1.0,train,179,12.308000000000002,4,"[10,15)",173,173
train,Maamoura,MAAMOURA_r001536_c000512,MAAMOURA_r001536_c000512_Y2025_M07_N00204,maamoura|MAAMOURA_r001536_c000512,maamoura|MAAMOURA_r001536_c000512_Y2025_M07_N00204,SG_0013,1536,512,2025,7,92,10.48,13.41,1.0,train,180,11.873,4,"[10,15)",92,92
val,Maamoura,MAAMOURA_r001536_c001024,MAAMOURA_r001536_c001024_Y2020_M05_N00205,maamoura|MAAMOURA_r001536_c001024,maamoura|MAAMOURA_r001536_c001024_Y2020_M05_N00205,SG_0014,1536,1024,2020,5,62,10.1,14.34,0.9999431051579238,val,0,12.39,4,"[10,15)",63,63
val,Maamoura,MAAMOURA_r001536_c001024,MAAMOURA_r001536_c001024_Y2020_M06_N00206,maamoura|MAAMOURA_r001536_c001024,maamoura|MAAMOURA_r001536_c001024_Y2020_M06_N00206,SG_0014,1536,1024,2020,6,62,10.1,14.34,0.9999431051579238,val,1,12.39,4,"[10,15)",63,63
val,Maamoura,MAAMOURA_r001536_c001024,MAAMOURA_r001536_c001024_Y2020_M07_N00207,maamoura|MAAMOURA_r001536_c001024,maamoura|MAAMOURA_r001536_c001024_Y2020_M07_N00207,SG_0014,1536,1024,2020,7,62,10.1,14.34,0.9999431051579238,val,2,12.39,4,"[10,15)",63,63
val,Maamoura,MAAMOURA_r001536_c001024,MAAMOURA_r001536_c001024_Y2020_M08_N00208,maamoura|MAAMOURA_r001536_c001024,maamoura|MAAMOURA_r001536_c001024_Y2020_M08_N00208,SG_0014,1536,1024,2020,8,62,10.1,14.34,0.9999431051579238,val,3,12.39,4,"[10,15)",63,63
val,Maamoura,MAAMOURA_r001536_c001024,MAAMOURA_r001536_c001024_Y2020_M09_N00209,maamoura|MAAMOURA_r001536_c001024,maamoura|MAAMOURA_r001536_c001024_Y2020_M09_N00209,SG_0014,1536,1024,2020,9,62,10.1,14.34,0.9999431051579238,val,4,12.39,4,"[10,15)",63,63
val,Maamoura,MAAMOURA_r001536_c001024,MAAMOURA_r001536_c001024_Y2021_M05_N00210,maamoura|MAAMOURA_r001536_c001024,maamoura|MAAMOURA_r001536_c001024_Y2021_M05_N00210,SG_0014,1536,1024,2021,5,6,11.475,12.02,0.9999431051579238,val,5,12.0,4,"[10,15)",6,6
val,Maamoura,MAAMOURA_r001536_c001024,MAAMOURA_r001536_c001024_Y2021_M06_N00211,maamoura|MAAMOURA_r001536_c001024,maamoura|MAAMOURA_r001536_c001024_Y2021_M06_N00211,SG_0014,1536,1024,2021,6,6,11.475,12.02,0.9999431051579238,val,6,12.0,4,"[10,15)",6,6
val,Maamoura,MAAMOURA_r001536_c001024,MAAMOURA_r001536_c001024_Y2021_M07_N00212,maamoura|MAAMOURA_r001536_c001024,maamoura|MAAMOURA_r001536_c001024_Y2021_M07_N00212,SG_0014,1536,1024,2021,7,6,11.475,12.02,0.9999431051579238,val,7,12.0,4,"[10,15)",6,6
val,Maamoura,MAAMOURA_r001536_c001024,MAAMOURA_r001536_c001024_Y2021_M08_N00213,maamoura|MAAMOURA_r001536_c001024,maamoura|MAAMOURA_r001536_c001024_Y2021_M08_N00213,SG_0014,1536,1024,2021,8,33,10.44,14.9,0.9999431051579238,val,8,11.904,4,"[10,15)",33,33
val,Maamoura,MAAMOURA_r001536_c001024,MAAMOURA_r001536_c001024_Y2021_M09_N00214,maamoura|MAAMOURA_r001536_c001024,maamoura|MAAMOURA_r001536_c001024_Y2021_M09_N00214,SG_0014,1536,1024,2021,9,33,10.44,14.9,0.9999431051579238,val,9,11.904,4,"[10,15)",33,33
val,Maamoura,MAAMOURA_r001536_c001024,MAAMOURA_r001536_c001024_Y2022_M05_N00215,maamoura|MAAMOURA_r001536_c001024,maamoura|MAAMOURA_r001536_c001024_Y2022_M05_N00215,SG_0014,1536,1024,2022,5,27,10.22,14.9,0.9999431051579238,val,10,11.468,4,"[10,15)",27,27
val,Maamoura,MAAMOURA_r001536_c001024,MAAMOURA_r001536_c001024_Y2022_M06_N00216,maamoura|MAAMOURA_r001536_c001024,maamoura|MAAMOURA_r001536_c001024_Y2022_M06_N00216,SG_0014,1536,1024,2022,6,27,10.22,14.9,0.9999431051579238,val,11,11.468,4,"[10,15)",27,27
val,Maamoura,MAAMOURA_r001536_c001024,MAAMOURA_r001536_c001024_Y2024_M06_N00217,maamoura|MAAMOURA_r001536_c001024,maamoura|MAAMOURA_r001536_c001024_Y2024_M06_N00217,SG_0014,1536,1024,2024,6,8,3.3200002,9.49,0.9999431051579238,val,12,8.468,3,"[8,10)",8,8
val,Maamoura,MAAMOURA_r001536_c001024,MAAMOURA_r001536_c001024_Y2024_M07_N00218,maamoura|MAAMOURA_r001536_c001024,maamoura|MAAMOURA_r001536_c001024_Y2024_M07_N00218,SG_0014,1536,1024,2024,7,8,3.3200002,9.49,0.9999431051579238,val,13,8.468,3,"[8,10)",8,8
val,Maamoura,MAAMOURA_r001536_c001024,MAAMOURA_r001536_c001024_Y2024_M08_N00219,maamoura|MAAMOURA_r001536_c001024,maamoura|MAAMOURA_r001536_c001024_Y2024_M08_N00219,SG_0014,1536,1024,2024,8,413,7.28,15.55,0.9999431051579238,val,14,11.647000000000002,4,"[10,15)",422,422
val,Maamoura,MAAMOURA_r001536_c001024,MAAMOURA_r001536_c001024_Y2024_M09_N00220,maamoura|MAAMOURA_r001536_c001024,maamoura|MAAMOURA_r001536_c001024_Y2024_M09_N00220,SG_0014,1536,1024,2024,9,413,7.28,15.55,0.9999431051579238,val,15,11.647000000000002,4,"[10,15)",422,422
val,Maamoura,MAAMOURA_r001536_c001024,MAAMOURA_r001536_c001024_Y2025_M05_N00221,maamoura|MAAMOURA_r001536_c001024,maamoura|MAAMOURA_r001536_c001024_Y2025_M05_N00221,SG_0014,1536,1024,2025,5,405,7.34,15.55,0.9999431051579238,val,16,11.657,4,"[10,15)",414,414
val,Maamoura,MAAMOURA_r001536_c001024,MAAMOURA_r001536_c001024_Y2025_M06_N00222,maamoura|MAAMOURA_r001536_c001024,maamoura|MAAMOURA_r001536_c001024_Y2025_M06_N00222,SG_0014,1536,1024,2025,6,405,7.34,15.55,0.9999431051579238,val,17,11.657,4,"[10,15)",414,414
val,Maamoura,MAAMOURA_r001536_c001536,MAAMOURA_r001536_c001536_Y2024_M08_N00223,maamoura|MAAMOURA_r001536_c001536,maamoura|MAAMOURA_r001536_c001536_Y2024_M08_N00223,SG_0015,1536,1536,2024,8,10,2.705,12.34,0.9993866767314588,val,18,8.532999999999998,3,"[8,10)",10,10
val,Maamoura,MAAMOURA_r001536_c001536,MAAMOURA_r001536_c001536_Y2024_M09_N00224,maamoura|MAAMOURA_r001536_c001536,maamoura|MAAMOURA_r001536_c001536_Y2024_M09_N00224,SG_0015,1536,1536,2024,9,10,2.705,12.34,0.9993866767314588,val,19,8.532999999999998,3,"[8,10)",10,10
val,Maamoura,MAAMOURA_r001536_c001536,MAAMOURA_r001536_c001536_Y2025_M05_N00225,maamoura|MAAMOURA_r001536_c001536,maamoura|MAAMOURA_r001536_c001536_Y2025_M05_N00225,SG_0015,1536,1536,2025,5,7,3.21,12.34,0.9993866767314588,val,20,9.802,3,"[8,10)",7,7
val,Maamoura,MAAMOURA_r001536_c001536,MAAMOURA_r001536_c001536_Y2025_M06_N00226,maamoura|MAAMOURA_r001536_c001536,maamoura|MAAMOURA_r001536_c001536_Y2025_M06_N00226,SG_0015,1536,1536,2025,6,7,3.21,12.34,0.9993866767314588,val,21,9.802,3,"[8,10)",7,7
val,Maamoura,MAAMOURA_r000000_c001024,MAAMOURA_r000000_c001024_Y2019_M05_N00227,maamoura|MAAMOURA_r000000_c001024,maamoura|MAAMOURA_r000000_c001024_Y2019_M05_N00227,SG_0001,0,1024,2019,5,84,2.95,13.85,0.9997282907173703,val,22,12.717,4,"[10,15)",84,84
val,Maamoura,MAAMOURA_r000000_c001024,MAAMOURA_r000000_c001024_Y2019_M06_N00228,maamoura|MAAMOURA_r000000_c001024,maamoura|MAAMOURA_r000000_c001024_Y2019_M06_N00228,SG_0001,0,1024,2019,6,84,2.95,13.85,0.9997282907173703,val,23,12.717,4,"[10,15)",84,84
val,Maamoura,MAAMOURA_r000000_c001024,MAAMOURA_r000000_c001024_Y2019_M07_N00229,maamoura|MAAMOURA_r000000_c001024,maamoura|MAAMOURA_r000000_c001024_Y2019_M07_N00229,SG_0001,0,1024,2019,7,84,2.95,13.85,0.9997282907173703,val,24,12.717,4,"[10,15)",84,84
val,Maamoura,MAAMOURA_r000000_c001024,MAAMOURA_r000000_c001024_Y2019_M08_N00230,maamoura|MAAMOURA_r000000_c001024,maamoura|MAAMOURA_r000000_c001024_Y2019_M08_N00230,SG_0001,0,1024,2019,8,88,2.95,13.85,0.9997282907173703,val,25,12.553,4,"[10,15)",88,88
val,Maamoura,MAAMOURA_r000000_c001024,MAAMOURA_r000000_c001024_Y2019_M09_N00231,maamoura|MAAMOURA_r000000_c001024,maamoura|MAAMOURA_r000000_c001024_Y2019_M09_N00231,SG_0001,0,1024,2019,9,88,2.95,13.85,0.9997282907173703,val,26,12.553,4,"[10,15)",88,88
val,Maamoura,MAAMOURA_r000000_c001024,MAAMOURA_r000000_c001024_Y2022_M05_N00232,maamoura|MAAMOURA_r000000_c001024,maamoura|MAAMOURA_r000000_c001024_Y2022_M05_N00232,SG_0001,0,1024,2022,5,208,9.305,18.91,0.9997282907173703,val,27,14.053,4,"[10,15)",208,208
val,Maamoura,MAAMOURA_r000000_c001024,MAAMOURA_r000000_c001024_Y2022_M06_N00233,maamoura|MAAMOURA_r000000_c001024,maamoura|MAAMOURA_r000000_c001024_Y2022_M06_N00233,SG_0001,0,1024,2022,6,507,9.155001,18.91,0.9997282907173703,val,28,13.419,4,"[10,15)",512,512
val,Maamoura,MAAMOURA_r000000_c001024,MAAMOURA_r000000_c001024_Y2022_M07_N00234,maamoura|MAAMOURA_r000000_c001024,maamoura|MAAMOURA_r000000_c001024_Y2022_M07_N00234,SG_0001,0,1024,2022,7,507,9.155001,18.91,0.9997282907173703,val,29,13.419,4,"[10,15)",512,512
val,Maamoura,MAAMOURA_r000000_c001024,MAAMOURA_r000000_c001024_Y2022_M08_N00235,maamoura|MAAMOURA_r000000_c001024,maamoura|MAAMOURA_r000000_c001024_Y2022_M08_N00235,SG_0001,0,1024,2022,8,506,9.06,18.91,0.9997282907173703,val,30,13.308000000000002,4,"[10,15)",512,512
val,Maamoura,MAAMOURA_r000000_c001024,MAAMOURA_r000000_c001024_Y2022_M09_N00236,maamoura|MAAMOURA_r000000_c001024,maamoura|MAAMOURA_r000000_c001024_Y2022_M09_N00236,SG_0001,0,1024,2022,9,506,9.21,18.91,0.9997282907173703,val,31,13.408,4,"[10,15)",512,512
val,Maamoura,MAAMOURA_r000000_c001024,MAAMOURA_r000000_c001024_Y2024_M09_N00237,maamoura|MAAMOURA_r000000_c001024,maamoura|MAAMOURA_r000000_c001024_Y2024_M09_N00237,SG_0001,0,1024,2024,9,104,10.315001,18.13,0.9997282907173703,val,32,13.614,4,"[10,15)",104,104
val,Maamoura,MAAMOURA_r000000_c001024,MAAMOURA_r000000_c001024_Y2025_M05_N00238,maamoura|MAAMOURA_r000000_c001024,maamoura|MAAMOURA_r000000_c001024_Y2025_M05_N00238,SG_0001,0,1024,2025,5,104,10.315001,18.13,0.9997282907173703,val,33,13.614,4,"[10,15)",104,104
val,Maamoura,MAAMOURA_r000000_c001024,MAAMOURA_r000000_c001024_Y2025_M06_N00239,maamoura|MAAMOURA_r000000_c001024,maamoura|MAAMOURA_r000000_c001024_Y2025_M06_N00239,SG_0001,0,1024,2025,6,104,10.315001,18.13,0.9997282907173703,val,34,13.614,4,"[10,15)",104,104
val,Maamoura,MAAMOURA_r000000_c001024,MAAMOURA_r000000_c001024_Y2025_M07_N00240,maamoura|MAAMOURA_r000000_c001024,maamoura|MAAMOURA_r000000_c001024_Y2025_M07_N00240,SG_0001,0,1024,2025,7,104,10.315001,18.13,0.9997282907173703,val,35,13.614,4,"[10,15)",104,104
