forest,seed,phase1_run_dir,phase1_checkpoint,phase1_checkpoint_exists,phase1_checkpoint_sha256
agadir,0,C:\Users\Dell\Desktop\Publication_Clarck\Runs\Sparse\Agadir\final_catalog\SPARSE_AGADIR_B4_C15_H3_VAL2_B8_P15_SEED42_REPRODUCTION_MULTISEED_SEED0,C:\Users\Dell\Desktop\Publication_Clarck\Runs\Sparse\Agadir\final_catalog\SPARSE_AGADIR_B4_C15_H3_VAL2_B8_P15_SEED42_REPRODUCTION_MULTISEED_SEED0\checkpoints\best_compromise.ckpt,True,247840ea0beb0167320dd06814ca9887c090b5237706baf7c34ff5cda551a015
agadir,7,C:\Users\Dell\Desktop\Publication_Clarck\Runs\Sparse\Agadir\final_catalog\SPARSE_AGADIR_B4_C15_H3_VAL2_B8_P15_SEED42_REPRODUCTION_MULTISEED_SEED7,C:\Users\Dell\Desktop\Publication_Clarck\Runs\Sparse\Agadir\final_catalog\SPARSE_AGADIR_B4_C15_H3_VAL2_B8_P15_SEED42_REPRODUCTION_MULTISEED_SEED7\checkpoints\best_compromise.ckpt,True,6e7890b57261560880dfac13a9e1b8e6a3c37d99adf4f9b46163bc25ca8db41f
agadir,123,C:\Users\Dell\Desktop\Publication_Clarck\Runs\Sparse\Agadir\final_catalog\SPARSE_AGADIR_B4_C15_H3_VAL2_B8_P15_SEED42_REPRODUCTION_MULTISEED_SEED123,C:\Users\Dell\Desktop\Publication_Clarck\Runs\Sparse\Agadir\final_catalog\SPARSE_AGADIR_B4_C15_H3_VAL2_B8_P15_SEED42_REPRODUCTION_MULTISEED_SEED123\checkpoints\best_compromise.ckpt,True,841d64392a41fa6234e77bf141b09d83dce4970bfe665e67e98947982dd39d0c
agadir,2024,C:\Users\Dell\Desktop\Publication_Clarck\Runs\Sparse\Agadir\final_catalog\SPARSE_AGADIR_B4_C15_H3_VAL2_B8_P15_SEED42_REPRODUCTION_MULTISEED_SEED2024,C:\Users\Dell\Desktop\Publication_Clarck\Runs\Sparse\Agadir\final_catalog\SPARSE_AGADIR_B4_C15_H3_VAL2_B8_P15_SEED42_REPRODUCTION_MULTISEED_SEED2024\checkpoints\best_compromise.ckpt,True,e408c1e12a174834824a1304c1c2df48d0d91f6dff020a9b74cdd9be2cebc031
ifran,0,C:\Users\Dell\Desktop\Publication_Clarck\Runs\Dense\Ifran\final_catalog_C15_NATIVE\IFRAN_B4_C15_FACTORIAL_H3_VAL2_45_TEST0_45_B8_P15_SEED42_REPRODUCTION_MULTISEED_SEED0,C:\Users\Dell\Desktop\Publication_Clarck\Runs\Dense\Ifran\final_catalog_C15_NATIVE\IFRAN_B4_C15_FACTORIAL_H3_VAL2_45_TEST0_45_B8_P15_SEED42_REPRODUCTION_MULTISEED_SEED0\checkpoints\best_compromise.ckpt,True,a42b39fc2d3065d0ac117fddc2a572849ca0c88cdceb090f58c867d51f1df536
ifran,7,C:\Users\Dell\Desktop\Publication_Clarck\Runs\Dense\Ifran\final_catalog_C15_NATIVE\IFRAN_B4_C15_FACTORIAL_H3_VAL2_45_TEST0_45_B8_P15_SEED42_REPRODUCTION_MULTISEED_SEED7,C:\Users\Dell\Desktop\Publication_Clarck\Runs\Dense\Ifran\final_catalog_C15_NATIVE\IFRAN_B4_C15_FACTORIAL_H3_VAL2_45_TEST0_45_B8_P15_SEED42_REPRODUCTION_MULTISEED_SEED7\checkpoints\best_compromise.ckpt,True,7669383a87e4825a8681403b050398096a123bec8b2cb49958b7e2c035f42116
ifran,123,C:\Users\Dell\Desktop\Publication_Clarck\Runs\Dense\Ifran\final_catalog_C15_NATIVE\IFRAN_B4_C15_FACTORIAL_H3_VAL2_45_TEST0_45_B8_P15_SEED42_REPRODUCTION_MULTISEED_SEED123,C:\Users\Dell\Desktop\Publication_Clarck\Runs\Dense\Ifran\final_catalog_C15_NATIVE\IFRAN_B4_C15_FACTORIAL_H3_VAL2_45_TEST0_45_B8_P15_SEED42_REPRODUCTION_MULTISEED_SEED123\checkpoints\best_compromise.ckpt,True,028b512ddeb2df1395c0535cfe59b15ad5fcb3ae92fc0264b547505c6e2e6c2c
ifran,2024,C:\Users\Dell\Desktop\Publication_Clarck\Runs\Dense\Ifran\final_catalog_C15_NATIVE\IFRAN_B4_C15_FACTORIAL_H3_VAL2_45_TEST0_45_B8_P15_SEED42_REPRODUCTION_MULTISEED_SEED2024,C:\Users\Dell\Desktop\Publication_Clarck\Runs\Dense\Ifran\final_catalog_C15_NATIVE\IFRAN_B4_C15_FACTORIAL_H3_VAL2_45_TEST0_45_B8_P15_SEED42_REPRODUCTION_MULTISEED_SEED2024\checkpoints\best_compromise.ckpt,True,4b7939c44f2c6b9344d71309ff7e1e16ba574836c965072565af323be93a9637
maamoura,0,C:\Users\Dell\Desktop\Publication_Clarck\Runs\Low_Sparsity\Maamoura\final_catalog\MAAMOURA_H1_VAL2_B4_C15_B8_P15_SEED42_FIXED_SPLIT_REPRODUCTION_MULTISEED_SEED0,C:\Users\Dell\Desktop\Publication_Clarck\Runs\Low_Sparsity\Maamoura\final_catalog\MAAMOURA_H1_VAL2_B4_C15_B8_P15_SEED42_FIXED_SPLIT_REPRODUCTION_MULTISEED_SEED0\checkpoints\best_compromise.ckpt,True,3b5857d9a3970ff5ce132ae7ca1090ef72c1b5fefd250ec551716646f0da0f32
maamoura,7,C:\Users\Dell\Desktop\Publication_Clarck\Runs\Low_Sparsity\Maamoura\final_catalog\MAAMOURA_H1_VAL2_B4_C15_B8_P15_SEED42_FIXED_SPLIT_REPRODUCTION_MULTISEED_SEED7,C:\Users\Dell\Desktop\Publication_Clarck\Runs\Low_Sparsity\Maamoura\final_catalog\MAAMOURA_H1_VAL2_B4_C15_B8_P15_SEED42_FIXED_SPLIT_REPRODUCTION_MULTISEED_SEED7\checkpoints\best_compromise.ckpt,True,9dc52facfdb27fb3e87316bb553c889bf4856c8295129530c79fd5419d67dd80
maamoura,123,C:\Users\Dell\Desktop\Publication_Clarck\Runs\Low_Sparsity\Maamoura\final_catalog\MAAMOURA_H1_VAL2_B4_C15_B8_P15_SEED42_FIXED_SPLIT_REPRODUCTION_MULTISEED_SEED123,C:\Users\Dell\Desktop\Publication_Clarck\Runs\Low_Sparsity\Maamoura\final_catalog\MAAMOURA_H1_VAL2_B4_C15_B8_P15_SEED42_FIXED_SPLIT_REPRODUCTION_MULTISEED_SEED123\checkpoints\best_compromise.ckpt,True,62a9da5ce4ed53ece08571b6310be2d9e5a7af7d2d7149d9d550bdd4babec4d4
maamoura,2024,C:\Users\Dell\Desktop\Publication_Clarck\Runs\Low_Sparsity\Maamoura\final_catalog\MAAMOURA_H1_VAL2_B4_C15_B8_P15_SEED42_FIXED_SPLIT_REPRODUCTION_MULTISEED_SEED2024,C:\Users\Dell\Desktop\Publication_Clarck\Runs\Low_Sparsity\Maamoura\final_catalog\MAAMOURA_H1_VAL2_B4_C15_B8_P15_SEED42_FIXED_SPLIT_REPRODUCTION_MULTISEED_SEED2024\checkpoints\best_compromise.ckpt,True,6fc0b2745ae2520ca9c384609772d4d8475eedf196951afc7038391314173573
